id,center,ip_address,disk_id,mac_address
1,1051,192.168.6.212,0000_0000_0000_0000_0000_0100_0000_0000.,380025E0CBCB
2,1051,172.20.10.5,WKP2C8PX,D0ABD5A50A23
3,5351,192.168.1.19,DH20230813975201,64006A96F628
4,5351,192.168.1.47,Z3TFFFKS,FC4DD4328EC3
5,5351,192.168.1.41,Z3TDNWEA,FC4DD42F871E
6,5351,192.168.1.30,5,4437E6A741F6
7,5351,192.168.1.46,WD-WCC2EMJ08642,FC4DD42F88DC
8,5351,192.168.1.44,5,FC4DD4324486
9,5351,192.168.1.27,Z3TFELMT,FC4DD4328F77
10,5351,192.168.1.20,5,4437E6BB8D1A
11,5351,192.168.1.22,S2ACA2AW,FC4DD42F85A9
12,5351,192.168.1.71,S2ACA04W,FC4DD42F850A
13,4151,10.10.11.26,DWS2306P128F3434,3464A92A0703
14,5351,192.168.1.51,Z3TFEM80,FC4DD4328F3E
15,5351,192.168.1.24,Z3TDK0ER,FC4DD42F887B
16,5351,192.168.1.66,S2AC9ZCN,FC4DD42F854C
17,4151,10.10.11.33,AA000000000000002724,3464A929FF70
18,3251,192.168.2.201,185103A0062F,8C89A5288D0D
19,5351,192.168.1.25,Z3TDPJ99,FC4DD42F88E1
20,3251,192.168.2.111,2204V8522c501923,8C89A52C269A
21,4151,10.10.11.36,2023041311209,3464A92A0675
22,4151,10.10.11.32,9VMK3EK1,3464A929FF38
23,3251,192.168.2.103,ES1JU052346063,8C89A515A09E
24,4351,10.10.2.140,6479_A76C_90C0_0E93.,8CEC4B5D74B5
25,3251,192.168.2.108,2204V8522c501018,8C89A52C288E
26,4151,10.10.11.37,2023041370144,3464A929FF21
27,4351,10.10.2.106,6479_A76C_90C0_1025.,8CEC4B5D5AA3
28,3251,192.168.2.107,2204V8522c500881,8C89A5159D84
29,4151,10.10.13.10,2023041300168,3464A929FF93
30,4351,10.10.2.211,6479_A76C_90C0_0EB2.,8CEC4B5B1B07
31,4351,10.10.2.186,6479_A76C_90C0_0E94.,8CEC4B5C3235
32,4351,10.10.2.117,Z9AQTLEY,8CEC4B5D74BA
33,4151,10.10.11.44,AA000000000000001468,3464A929FF2C
34,3251,192.168.2.102,2204V8522c502000,8C89A5159E2D
35,4151,10.10.11.56,AA000000000000005101,3464A92A01AE
36,4151,10.10.11.29,DWS2306P128F5880,3464A90B8D5A
37,4351,10.10.2.157,6479_A76C_90C0_0EB0.,8CEC4B5B14DC
38,4351,10.10.2.152,6479_A76C_90C0_0D6B.,8CEC4B5D53EF
39,4351,10.10.2.116,6479_A76C_90C0_1015.,8CEC4B5B15DF
40,4351,10.10.2.119,6479_A76C_90C0_0E9B.,8CEC4B5D711C
41,4151,10.10.12.55,2023082301850,00E04CCC00F9
42,5251,192.168.3.181,WD-WCC6Y5TV0C79,A4AE12F77D58
43,4351,10.10.2.234,6479_A76C_90C0_102A.,8CEC4B5C350C
44,4351,10.10.2.105,6479_A76C_90C0_0D65.,8CEC4B5D7413
45,4351,10.10.2.151,6479_A76C_90C0_1023.,8CEC4B5D74C9
46,4351,10.10.2.160,6479_A76C_90C0_1007.,8CEC4B5D53C8
47,4151,10.10.11.53,9RX5SBYX,3464A929FEBF
48,4151,10.10.13.18,6RX9CTFH,3464A9163339
49,4351,10.10.2.184,6479_A76C_90C0_0EAB.,8CEC4B5D741B
50,4351,10.10.2.164,6479_A76C_90C0_1024.,8CEC4B5D74CF
51,5251,192.168.3.182,W9APJ8PC,A4AE12F934D1
52,4351,10.10.2.167,6479_A76C_90C0_0D7F.,8CEC4B5D74C0
53,3251,192.168.2.103,2204V8522c501018,8C89A5159A73
54,5251,192.168.3.183,WD-WCC6Y1ZK4XCP,1CA0B878591D
55,4351,10.10.2.135,Z9AQVXG9,8CEC4B5D6FC4
56,4351,10.10.2.174,6479_A76C_90C0_1002.,8CEC4B5D6FC6
57,4151,10.10.14.52,9LS2CHHL,3464A929FF0C
58,4351,10.10.2.121,6479_A76C_90C0_0FFD.,8CEC4B5D74C4
59,4151,10.10.11.19,9VY4TDA9,F4CE4630DEE0
60,4151,10.10.13.20,WD-WCAV38616058,3464A929F764
61,4351,10.10.2.115,6479_A76C_90C0_0EB6.,8CEC4B5C3234
62,4351,10.10.2.163,6479_A76C_90C0_100F.,8CEC4B5B17DF
63,4351,10.10.2.102,6479_A76C_90C0_1003.,8CEC4B5D53E0
64,5251,192.168.3.184,WD-WCC6Y5JK64K2,1CA0B8785A06
65,4351,10.10.2.124,6479_A76C_90C0_0EA0.,8CEC4B5D74C6
66,4351,10.10.2.142,76UY5W2MS,484D7EA24653
67,4351,10.10.2.113,6479_A76C_90C0_0ED5.,8CEC4B5D6FC5
68,4351,10.10.2.136,6479_A76C_90C0_0FFF.,8CEC4B5C321C
69,4351,10.10.2.122,6479_A76C_90C0_0EC8.,8CEC4B5B19D1
70,4151,10.10.13.23,WD-WMAV34397398,3464A92A06D3
71,3251,192.168.2.105,2204V8522c501019,D017C29AF4E0
72,4151,10.10.11.60,S1VCJ90Z816246,3464A932CB77
73,5251,192.168.3.186,WD-WCC6Y6HEELV6,1CA0B87829A0
74,4151,10.10.11.58,WD-WCAS26591308,3464A929FEAD
75,5251,192.168.3.185,W9APGYAJ,A4AE12F98075
76,4351,10.10.2.137,6479_A76C_90C0_0ECD.,8CEC4B5D5408
77,4151,10.10.13.27,S1XEJ9GB208943,3464A929FEA8
78,4351,10.10.2.112,Z9AQY40N,8CEC4B5D5A6F
79,4351,10.10.2.104,6479_A76C_90C0_0EB1.,8CEC4B5D53C2
80,4351,10.10.2.114,6479_A76C_90C0_0EA6.,8CEC4B5C3232
81,4351,10.10.2.100,6479_A76C_90C0_0FFC.,8CEC4B5D74C1
82,5351,192.168.1.45,Z3TDNV0E,FC4DD42F8887
83,4351,10.10.2.145,6479_A76C_90C0_0EA3.,8CEC4B5D53D5
84,5251,192.168.3.187,WD-WCC6Y6HEE20N,1CA0B87827DC
85,4351,10.10.2.176,Z9AQVX3W,8CEC4B5C323B
86,4351,10.10.2.183,6479_A76C_90C0_0EA1.,8CEC4B5C322E
87,4351,10.10.2.159,6479_A76C_90C0_0EA5.,8CEC4B5D298C
88,4351,10.10.2.146,6479_A76C_90C0_0D84.,8CEC4B5C3221
89,4351,10.10.2.182,6479_A76C_90C0_1008.,8CEC4B5C32B0
90,5251,192.168.3.197,WD-WCC6Y1ZK4E60,1CA0B8786FF9
91,4151,10.10.11.35,9VY4PCAL,18A9051D5DAB
92,1651,192.168.0.158,Z2AXWJ1B,1C1B0D345AE6
93,4351,10.10.2.109,6479_A76C_90C0_0EA7.,8CEC4B5C321B
94,4151,10.10.11.42,9VM94GLM,18A9051E8500
95,4151,10.10.11.28,9RX4TJTJ,0025B3CCF23D
96,4351,10.10.2.126,6479_A76C_90C0_0EC6.,8CEC4B5D74C5
97,8151,10.1.10.44,WD-WCAS27784086,4437E66280FA
98,8151,10.1.10.216,WD-WCAS27671941,4437E663B1B6
99,4351,10.10.2.172,6479_A76C_90C0_1020.,8CEC4B5AC564
100,4151,10.10.11.49,2021111100252,00226422DAD3
101,4351,10.10.2.154,6479_A76C_90C0_0EBB.,8CEC4B5B159A
102,4451,192.168.10.23,WD-WCC6Y4HEX9X9,C85ACF0D32EC
103,4151,10.10.12.4,WD-000000000000000,00237D161D6C
104,4351,10.10.2.178,6479_A76C_90C0_0EDB.,8CEC4B5B1BC9
105,4351,10.10.2.133,6479_A76C_90C0_0EB9.,8CEC4B5B1489
106,4351,10.10.2.149,6479_A76C_90C0_0EB7.,8CEC4B5B1700
107,4151,10.10.11.50,9RX4TFX4,002481918FB6
108,4351,10.10.2.110,6479_A76C_90C0_1000.,8CEC4B5B161B
109,4351,10.10.2.170,6479_A76C_90C0_0ED1.,8CEC4B5B19E0
110,3251,192.168.2.109,185103A004DA,6C626D46BCE1
111,4351,10.10.2.127,6479_A76C_90C0_0EDD.,8CEC4B5B1AEA
112,3151,10.7.1.1,0000_0000_0000_0001_00A0_7523_415B_8153.,2088107255BB
113,5251,192.168.3.198,WD-WCC6Y1ZK486H,1CA0B878255D
114,4351,10.10.2.153,6479_A76C_90C0_0E99.,8CEC4B5B1620
115,3151,10.7.1.4,0000_0000_0000_0001_00A0_7523_415A_0A64.,20881071D3CB
116,4151,10.10.14.25,9VT03WW5,0024811003F6
117,4151,10.10.11.41,9VY2TV4K,00265547B57C
118,1151,192.168.29.18,ZN1XRKF1,74563C201C31
119,8151,10.1.10.47,WD-WCAS2C268058,4437E6158662
120,1151,192.168.29.90,ZN1XRP6Q,74563C2118FC
121,1151,192.168.29.235,ZN1XRN2Y,D85ED3C4EAFE
122,1151,192.168.29.138,ZN1XS20H,74563C201DAE
123,3251,192.168.2.117,2204V8522c501017,8C89A5288BC2
124,1151,192.168.29.58,ZN1XS08E,74563C201C34
125,1151,192.168.223.1,ZN1XRKP4,74563C211C7C
126,1151,192.168.29.101,ZN1XRMFJ,74563C2118FD
127,4151,10.10.11.23,5RX2PAZ1,F4CE46319DDD
128,4151,10.10.11.30,5LS94KRM,002481A0F292
129,1151,192.168.29.197,ZN1XRAY4,D85ED3C4ED49
130,1151,192.168.29.73,ZN1XQGP1,74563C201DA9
131,1151,192.168.29.80,ZN1XQGPL,74563C201FBB
132,1151,192.168.29.7,ZN1XQGNR,74563C211C7D
133,1151,192.168.29.166,ZN1XQGPR,74563C201DFE
134,1151,192.168.29.114,ZN1XRMNH,74563C2118FE
135,1151,192.168.29.155,ZN1XQGQS,74563C201DFD
136,1151,192.168.29.196,ZN1XRN2F,D85ED3C4EB24
137,1151,192.168.29.149,ZN1XRMY3,D85ED3C4EBE3
138,1151,192.168.29.234,ZN1XRKC5,74563C211C7B
139,4151,10.10.11.31,9VY4RDE7,00265547AF63
140,1151,192.168.29.42,ZN1XPN4X,74563C211CE1
141,3151,10.7.1.5,0000_0000_0000_0001_00A0_7523_415F_84E0.,20881070CB11
142,3251,192.168.2.118,2204V8522c500876,8C89A515A044
143,5152,192.168.102.169,E823_8FA6_BF53_0001_001B_444A_4970_BA6A.,7C57585CC8BA
144,1151,192.168.29.180,ZN1XQGRH,74563C211E27
145,1151,192.168.29.175,ZN1XRDK7,D85ED3C4E8E8
146,1151,192.168.29.35,ZN1XQKEQ,74563C201ECC
147,4451,192.168.10.12,WD-WCC6Y4RE95H7,C85ACF0D2FEA
148,1151,192.168.29.6,ZN1XQGPE,74563C211E2D
149,4151,10.10.11.55,9VY2S77L,00265547B590
150,1151,192.168.29.245,ZN1XQGQ7,74563C211E2C
151,1151,192.168.29.253,ZN1XRNZA,D85ED3C4E8EE
152,4151,10.10.13.34,S1V5J9BZ113603,F4CE462D67BB
153,8151,10.1.10.245,WD-WCAS29388155,4437E65F5A8A
154,1151,192.168.29.88,ZN1XQXH6,D85ED3C4E880
155,4151,10.10.12.10,YS202307324194HP,0AE0AFA7091B
156,4151,10.10.12.6,5RX7ZJ56,002264B02CA9
157,3151,10.7.1.2,0000_0000_0000_0001_00A0_7523_415B_8B77.,2088107255C2
158,1151,192.168.29.179,ZN1XRCV2,D85ED3C4E887
159,1151,192.168.29.106,ZN1XS30J,74563C201FBD
160,1151,192.168.29.127,ZN1XRNPF,D85ED3C4E883
161,4151,10.10.12.50,9RX73SY3,0AE0AFA70919
162,4151,10.10.12.27,WD-WMAV2H303218,0024810CD4DB
163,4151,10.10.12.48,5RX0YCN6,00E04C1387A4
164,4151,10.10.14.12,9RXKFYVH,F4CE462D679E
165,3251,192.168.2.116,185103A00756,8C89A5159FE7
166,3251,192.168.2.114,2204V8522c500878,6C626D45FD45
167,4151,10.10.12.20,AA000000000000002344,0AE0AFBF126B
168,3151,10.7.1.3,0000_0000_0000_0001_00A0_7523_415F_8621.,20881070C78F
169,3251,192.168.2.113,2204V8522c500879,8C89A5159CD7
170,3151,10.7.1.7,0000_0000_0000_0001_00A0_7523_40EE_847C.,20881070C74B
171,4151,10.10.14.5,AA000000000000002740,D027880541B8
172,4151,10.10.12.21,WD-WCAT30507987,0022155AFCBB
173,4151,10.10.12.19,9VY8T429,4487FCA1E4DE
174,4151,10.10.12.18,WD-WMAYV0529960,00E04CC70275
175,7151,192.168.0.159,88R5AL0NS,94C69154DF1E
176,4451,192.168.10.7,WD-WCC6Y4RE99FP,C85ACF0A26D0
177,4151,10.10.11.57,6VT0MEM9,00E04C72053E
178,5152,192.168.103.110,E823_8FA6_BF53_0001_001B_444A_492C_C048.,7C57585CC9BA
179,3251,192.168.2.215,2111VA001CBT0012,E0D55E32A4E8
180,3151,10.7.1.6,0000_0000_0000_0001_00A0_7523_40AA_CF72.,20881071D3D0
181,7151,192.168.0.146,WCC6Y7SVDETF,94C691550164
182,7151,192.168.0.154,88Q5APRNS,94C69154E35C
183,4151,10.10.13.55,5RX30WZN,4487FC9CA180
184,4551,20.20.1.62,23231V803487,D017C299B5F1
185,4151,10.10.12.46,6RX4F3YL,00E04C6711D9
186,8151,10.1.10.65,WD-WCAUZ1431191,4437E628A2A4
187,4151,10.10.14.1,5LS94L74,4487FC44C5DB
188,3151,10.7.1.9,0000_0000_0000_0001_00A0_7523_415A_B9C3.,208810709C36
189,4151,10.10.12.17,WD-WCAP9A416258,4487FCA1E430
190,4151,10.10.15.19,AA000000000000002726,00270E351F0A
191,3251,192.168.2.119,2204V8522c500882,6C626D45FCC8
192,3151,10.7.1.8,0000_0000_0000_0001_00A0_7523_40D5_EC3A.,2088107256F3
193,4151,10.10.12.13,9VMESX0A,4487FCA1E5FB
194,7151,192.168.0.181,WCC6Y5FKE5H0,94C691550388
195,3251,192.168.2.120,2204V8522c501020,8C89A515A105
196,7151,192.168.0.193,WCC6Y2ZHNAP9,94C691550394
197,7151,192.168.0.164,WCC6Y2ZHN78L,94C69154D583
198,7151,192.168.0.160,WCC6Y3KEEFY1,94C69154DF84
199,3151,10.7.1.10,0000_0000_0000_0001_00A0_7523_40EE_8442.,20881070CA1B
200,4451,192.168.10.8,WD-WCC6Y4VKLY31,C85ACF0D31F3
201,3251,192.168.2.110,2204ZD0R3G500418,8C89A5159FED
202,1651,192.168.0.177,ZN1DC3SP,B42E99B19C47
203,8151,10.1.10.130,WD-WMAUZ0019081,4437E655DDBE
204,7151,192.168.0.153,88P58RENS,94C69154DB16
205,4151,10.10.12.43,5RX1G7FX,00E04C510347
206,8151,10.1.10.139,WDC-ROM SN# XYZ----,4437E663B122
207,3251,192.168.2.121,2204V8522c500868,8C89A515A0A3
208,7151,192.168.0.157,WCC6Y1ALDJZA,94C69154D517
209,5152,192.168.102.166,E823_8FA6_BF53_0001_001B_444A_4885_CEA1.,7C57585CC9C9
210,4151,10.10.12.47,9RX4QXLY,00E04C611F58
211,4151,10.10.14.11,WD-WCAS22902576,4487FCA1E379
212,5152,192.168.103.231,E823_8FA6_BF53_0001_001B_444A_492C_C7DD.,7C57585BDA78
213,7151,192.168.0.109,7N31512G14666,C465162943F4
214,3151,10.7.1.12,0000_0000_0000_0001_00A0_7523_40AA_D1E1.,20881071D0AC
215,6151,172.16.2.206,WD-WCC6Y7ZSLFJX,70208400C4DB
216,6552,192.168.30.30,Z2A14LQD,78E3B5906D90
217,5152,192.168.103.65,E823_8FA6_BF53_0001_001B_444A_492C_C7C9.,7C57585CC9C6
218,5152,192.168.102.245,E823_8FA6_BF53_0001_001B_444A_492C_C084.,7C57585CC883
219,4151,10.10.12.0,6VY982DW,00E04C690BCC
220,4151,10.10.12.7,WD-WMAV3J971128,00E04CC107C4
221,3251,192.168.2.122,5E28D04606271121063,6C626D45FAC9
222,3151,10.7.1.11,0000_0000_0000_0001_00A0_7523_415A_0D92.,20881071D343
223,5152,192.168.103.151,E823_8FA6_BF53_0001_001B_444A_492C_C047.,7C57585CC7FF
224,3251,192.168.2.112,2204V8522c501024,8C89A5159EA1
225,5152,192.168.103.119,E823_8FA6_BF53_0001_001B_444A_492C_C7C0.,7C57585CC8AC
226,4151,10.10.12.11,9VM95RAY,002511ABE468
227,5351,192.168.1.53,5,002324AA092C
228,4151,10.10.12.16,9VYAF1DX,00E04C13870C
229,7151,192.168.0.143,7N31512G14656,C465162286A9
230,5152,192.168.102.146,E823_8FA6_BF53_0001_001B_444A_4970_B94D.,7C57585CC884
231,6552,192.168.30.230,Z2A14LVP,78E3B59070B2
232,3151,10.7.1.13,0000_0000_0000_0001_00A0_7523_415F_8295.,2088107094B4
233,4451,192.168.10.84,WD-WCC6Y4RE9626,C85ACF0D386D
234,6552,192.168.30.226,Z2A0RAPF,78E3B5907133
235,6552,192.168.30.236,Z2A0MKDY,78E3B5907073
236,6552,192.168.30.175,Z2A0MRHJ,78E3B59070C4
237,4151,10.10.12.5,Z2A5EHDE,0AE0AFA70918
238,4151,10.10.12.8,WD-WCAS20722657,00E04CDB0AC2
239,5152,192.168.103.236,E823_8FA6_BF53_0001_001B_444A_492C_CE67.,7C57585CC7F3
240,5152,192.168.103.180,E823_8FA6_BF53_0001_001B_444A_492C_C5A6.,7C57585CC9B2
241,4151,10.10.12.15,PVF974ZH0YAPNN,00E04C678049
242,4151,10.10.12.12,WD-WMAPC0020767,00E04CCA3AA7
243,6552,192.168.30.177,Z2A14J21,78E3B59070C2
244,1651,192.168.0.132,ZN1D88YY,E0D55E7BB98E
245,6552,192.168.30.37,Z2A0PG49,78E3B590708A
246,5152,192.168.103.101,E823_8FA6_BF53_0001_001B_444A_4970_B76F.,7C57585CC800
247,8151,10.1.10.207,WD-WCAS29750041,4437E6150B41
248,5152,192.168.103.145,E823_8FA6_BF53_0001_001B_444A_492C_C7C1.,7C57585CC9CD
249,6552,192.168.30.176,Z2A01FY1,78E3B59070E1
250,7151,192.168.0.145,WCC6Y2ZHNR8D,94C69154D23C
251,6552,192.168.30.35,200435142318E7E22F62,78E3B5907092
252,7151,192.168.0.199,WCC6Y3KEEJ67,94C6915501EA
253,4151,10.10.12.30,5RX9FZW9,00E04C4D3470
254,6552,192.168.30.167,Z2A14M24,78E3B5906FFA
255,5152,192.168.103.44,E823_8FA6_BF53_0001_001B_444A_492C_C010.,7C57585CC7F9
256,3251,192.168.2.123,2204V8522c501021,6C626D45FCF5
257,4151,10.10.12.3,9RX4A2ZW,00E04C4569B2
258,6552,192.168.30.137,Z2A01TH2,78E3B590712B
259,6552,192.168.30.186,9VMYBPAM,78E3B59070E6
260,5152,192.168.102.28,E823_8FA6_BF53_0001_001B_444A_492C_CEB5.,7C57585CC8AB
261,4151,10.10.14.9,S12KNSAD832910,8851FB4C4FDE
262,5152,192.168.103.74,E823_8FA6_BF53_0001_001B_444A_4885_CE49.,7C57585BDA71
263,2251,10.168.0.202,03020015021424211212,705A0F3A026D
264,5152,192.168.102.254,E823_8FA6_BF53_0001_001B_444A_492C_C064.,7C57585CC802
265,4151,10.10.12.49,S0TYNEACA00907,6C3BE53B79BB
266,4151,10.10.27.21,TW032GYJ550853BE1595,6C3BE5342AE5
267,6552,192.168.30.85,Z2A119AP,78E3B59070A5
268,4451,192.168.10.16,WD-WCC6Y6HV8L4L,C85ACF0D4921
269,4151,10.10.18.33,TW032GYJ5508538E4064,0AE0AFA7091A
270,7151,192.168.0.161,WCC6Y2ZHNC6R,94C69154D573
271,7151,192.168.0.188,WCC6Y3LA5660,94C69154D263
272,6552,192.168.30.97,Z2A14LP6,78E3B5906E2E
273,4151,10.10.13.17,S1K2NSAF301286,DC4A3E71C62B
274,1351,192.168.1.102,WD-WCC6Y0LE4YS7,1CA0B8786D5E
275,6552,192.168.30.178,Z2A0V693,78E3B590713A
276,7151,192.168.0.192,WCC6Y7UUPF62,94C69154D19B
277,6251,192.168.1.101,YS20221013128G570445,C81F66468873
278,4151,10.10.12.29,WD-WCAS26726145,002170117FA2
279,4151,10.10.14.3,S3U6NB0J701089,9457A5F012EC
280,6251,192.168.10.102,AA000000000000001328,F48E3873FAAE
281,4451,192.168.10.19,WD-WCC6Y4RE9UDJ,C85ACF0D32F0
282,6552,192.168.30.242,Z2A0RGWS,78E3B5907091
283,4151,10.10.12.14,WD-WCAV34666580,00E04C6F2F6D
284,3251,192.168.2.124,AA202211114250,8C89A5159AA2
285,6251,192.168.10.103,AA000000000000018564,C81F66461DAC
286,3151,10.7.1.15,0000_0000_0000_0001_00A0_7523_415C_B9DD.,208810709C33
287,5152,192.168.103.79,E823_8FA6_BF53_0001_001B_444A_4885_C53D.,7C57585BD839
288,4151,10.10.14.15,S12KNSAD833006,480FCF5E0D3C
289,3151,10.7.1.14,0000_0000_0000_0001_00A0_7523_415A_0DE5.,20881070C82E
290,4151,10.10.14.29,WD-WMAV31135056,0019B916AB64
291,6552,192.168.30.36,Z3TH9H3E,78E3B590709F
292,4151,10.10.18.12,S1ZMNXAGB42101,DC4A3E6B7E80
293,6251,192.168.10.104,AA000000000000018931,64006A3291CF
294,3251,192.168.2.125,2204V8522c501866,8C89A514396E
295,5152,192.168.102.229,E823_8FA6_BF53_0001_001B_444A_492C_CE60.,7C57585CC709
296,4151,10.10.14.43,WD-WMAV2W474070,0019B91B25F0
297,1651,192.168.0.112,ZN10B573,E0D55E7BB59D
298,4151,10.10.18.0,9RXBMK75,0019B925FF3E
299,7151,192.168.0.137,UB202306270041,C46516245817
300,4451,192.168.10.14,WD-WCC6Y4HEXNCN,C85ACF0D4829
301,4151,10.10.18.17,S14TNSAF357497,480FCF5E0DC0
302,4251,192.168.168.113,WD-WCC2ETR89667,C81F6639D07A
303,6552,192.168.30.187,Z2A0QH49,78E3B5907099
304,6251,192.168.10.105,AA000000000000015222,F48E3873B8F1
305,6552,192.168.30.166,200435142318E7E22F62,78E3B59068EE
306,1551,172.17.0.85,WD-WCC6Y0XEXPAN,6C4B902CBA5D
307,6552,192.168.30.89,Z2A0PH3E,78E3B591E6FF
308,6251,192.168.1.107,YS20221013128G037797,F48E3873FAC7
309,6552,192.168.30.78,C0B60E300102,78E3B59070A4
310,5152,192.168.103.247,E823_8FA6_BF53_0001_001B_444A_4885_C5F8.,7C57585CC0B2
311,6552,192.168.30.42,Z2A0PG5Y,78E3B590708C
312,4151,10.10.18.14,9RX765QT,0AE0AFB3056B
313,4151,10.10.14.42,WD-WCAV1C977141,0019B91B90C3
314,6552,192.168.30.162,200435142318E7E22F62,78E3B590705F
315,3151,10.7.1.16,0000_0000_0000_0001_00A0_7523_415A_B330.,20881070F434
316,3151,10.7.1.17,0000_0000_0000_0001_00A0_7523_415F_881A.,2088107099BE
317,4151,10.10.14.41,AA000000000000002768,90FBA626B6A2
318,6552,192.168.30.90,Z2ALATTQ,082E5F286C43
319,7151,192.168.0.179,WCC6Y3AJP8PS,94C69154D984
320,6251,192.168.10.114,AA000000000000000644,B083FE774023
321,4151,10.10.14.19,150246400757,480FCF5AEB3E
322,4151,10.10.14.40,WD-WCAS2F113197,002170483BBB
323,7151,192.168.0.124,WCC6Y2ZHNXPR,94C6915503C2
324,7151,192.168.0.141,WCC6Y2ZHNR3C,94C69154DE9E
325,6251,192.168.10.113,YS20221015128G459926,F48E3873B2CB
326,4351,10.10.2.103,6479_A76C_90C0_0E9A.,8CEC4B5B1490
327,4151,10.10.13.39,9LS1266W,001AA0B2549F
328,4451,192.168.10.33,WD-WCC6Y4VKLU1R,C85ACF0D4B08
329,6552,192.168.30.157,Z2A0BS5Q,78E3B591E72B
330,4351,10.10.2.168,6479_A76C_90C0_0EBA.,8CEC4B5B162D
331,4351,10.10.2.161,6479_A76C_90C0_1011.,8CEC4B5B17F8
332,6552,192.168.30.192,Z2A11QXD,78E3B5907040
333,4151,10.10.15.4,S12KNSAD832958,480FCF5F5E9C
334,6251,192.168.10.112,AA000000000000008531,F8BC12FFF87A
335,7451,192.168.1.63,5RXADJEB,00E04C052251
336,4451,192.168.10.41,WD-WCC6Y0DA43FP,C85ACF0D16E7
337,6552,192.168.30.164,200435142318E7E22F62,78E3B59070A1
338,6251,192.168.10.109,YS20221015128G576987,F48E387B3888
339,3251,192.168.2.107,2204V8522c500851,6C626DE7E63F
340,4351,10.10.2.177,6479_A76C_90C0_1004.,8CEC4B5B15BE
341,4351,10.10.2.125,6479_A76C_90C0_0ED0.,8CEC4B5B14FC
342,5152,192.168.103.217,E823_8FA6_BF53_0001_001B_444A_4885_CB5E.,7C57585CC8C0
343,4451,192.168.10.18,WD-WCC6Y4RE95X8,C85ACF0D46CD
344,4351,10.10.2.108,6479_A76C_90C0_0D73.,8CEC4B5B15D6
345,7151,192.168.0.187,WCC6Y3KEES3X,94C69154DAB4
346,4151,10.10.14.37,5RX1LQVN,001E4FECB0AC
347,4351,10.10.2.123,6479_A76C_90C0_1010.,8CEC4B5B15A6
348,7151,192.168.0.194,7N31512G14496,C4651628723C
349,4151,10.10.14.20,S0TYNEAD208966,480FCF5F5F32
350,3151,10.7.1.18,0000_0000_0000_0001_00A0_7523_415A_A991.,20881071CEA4
351,1551,172.17.0.67,5CDF_B803_6150_039E.,04D9C86BA9CD
352,6552,192.168.30.174,Z2A0QFR4,78E3B5907084
353,6251,192.168.1.110,YS20221015128G457572,64006A334590
354,3151,10.7.1.19,0000_0000_0000_0001_00A0_7523_40EE_8426.,20881070CAAC
355,1651,192.168.0.173,ZN10AFNA,E0D55E7BB980
356,4351,10.10.2.107,6479_A76C_90C0_0EA9.,8CEC4B5B1A32
357,7151,192.168.0.158,WCC6Y7UUPRR0,94C69154D779
358,4351,10.10.2.150,6479_A76C_90C0_0EC0.,8CEC4B5C352F
359,4351,10.10.2.148,6479_A76C_90C0_0EDE.,8CEC4B5B1A2D
360,5152,192.168.103.199,E823_8FA6_BF53_0001_001B_444A_4885_CB3C.,7C57585CC9C8
361,7151,192.168.0.149,7N31512G14538,C46516228709
362,4151,10.10.14.35,9VT2C8Y3,0023AE841CB2
363,6251,192.168.10.108,AA000000000000009207,C81F6645E601
364,4151,10.10.14.36,WD-WMAV2X633267,B8AC6F302BDA
365,3251,192.168.2.102,2204V8522c500870,8C89A514393F
366,4151,10.10.14.14,S0TYNSACB31893,DC4A3E6C8A55
367,8151,10.1.10.41,WD-WCAUZ0456183,4437E62B6F60
368,4151,10.10.14.32,6RX94BL7,00219B4B0945
369,4151,10.10.14.21,AA000000000000002456,3464A92A082E
370,5251,192.168.3.189,WD-WCC6Y1ZK4EJ1,1CA0B8782577
371,4351,10.10.2.171,6479_A76C_90C0_101D.,8CEC4B5B1817
372,5152,192.168.102.157,E823_8FA6_BF53_0001_001B_444A_492C_C09E.,7C57585CC7F6
373,4151,10.10.11.40,AA000000000000002381,18A905164566
374,7151,192.168.0.140,WCC6Y4FZ386E,94C69154DD6F
375,6251,192.168.10.111,AA000000000000080018,B083FE53D68A
376,7151,192.168.0.117,WCC6Y2PKEA3Y,94C69154D1B7
377,4151,10.10.14.23,2023041310749,3464A92A0664
378,3251,192.168.2.126,2204V8522c501860,6C626D45FCF2
379,8151,10.1.10.222,WD-WCAS2E614413,4437E6631417
380,7151,192.168.0.133,88Q6B0GNS,94C69154D362
381,5152,192.168.103.168,E823_8FA6_BF53_0001_001B_444A_492C_C059.,7C57585BDA5E
382,6251,192.168.10.116,AA000000000000011223,F48E3873FABE
383,7151,192.168.0.101,WD-WCC6Y5JK4Y29,8CEC4BCCBFB9
384,3151,10.7.1.21,0000_0000_0000_0001_00A0_7523_40DD_574A.,20881071D37E
385,4151,10.10.14.31,5LSB7Y66,0023AE776DC5
386,4151,10.10.18.6,AA000000000000002424,00188B11A828
387,4351,10.10.2.128,6479_A76C_90C0_0FFA.,8CEC4B5B1532
388,4151,10.10.14.34,2023082301941,0023AE8461C7
389,4351,10.10.2.101,6479_A76C_90C0_0D67.,8CEC4B5B1A3C
390,4151,10.10.14.24,TW0K11MF550852642597,480FCF5E0DC3
391,1551,172.17.0.83,ES2RH0923106009,00E01B072217
392,1651,192.168.0.146,ZN10AQYW,E0D55E7BC2B5
393,6251,192.168.10.115,YS20221014128G470438,64006A327F1B
394,4351,10.10.2.138,6479_A76C_90C0_0EDF.,8CEC4B5B1600
395,4251,192.168.168.112,WD-WCC2ETP60101,C81F6639D1D7
396,4351,10.10.2.158,6479_A76C_90C0_1018.,8CEC4B5B14EA
397,3151,10.7.1.20,0000_0000_0000_0001_00A0_7523_40C8_FB2A.,208810735F12
398,4151,10.10.14.27,TW0XRV8D550854A21513,DC4A3E71C64C
399,4151,10.10.14.28,TW032GYJ5508538E3945,480FCF5AEB44
400,4351,10.10.2.118,6479_A76C_90C0_0E9D.,8CEC4B5B14FF
401,4351,10.10.2.134,6479_A76C_90C0_0D64.,8CEC4B5B1883
402,6251,192.168.10.119,AA000000000000005237,F48E387FCC3A
403,7151,192.168.0.136,WCC6Y3KEELZK,94C69154D4D3
404,4151,10.10.14.26,S14TNSAF357839,480FCF5E0D36
405,4351,10.10.2.129,6479_A76C_90C0_1028.,8CEC4B5B179E
406,7151,192.168.0.177,88R63MJNS,94C69154E101
407,4351,10.10.2.120,6479_A76C_90C0_1012.,8CEC4B5B1B5D
408,7151,192.168.0.144,WCC6Y7UUPPPP,94C69154D5C5
409,6251,192.168.10.117,AA000000000000017144,64006A329101
410,4151,10.10.15.3,443S12KGTZOY,8851FB4C524A
411,3151,10.7.1.22,0000_0000_0000_0001_00A0_7523_415B_80F2.,20881071D237
412,4151,10.10.12.36,5RX1TA62,00E04CCA3AA6
413,4351,10.10.2.147,6479_A76C_90C0_1009.,8CEC4B5B1A30
414,4151,10.10.14.51,S0NRNEABA26957,6C3BE53B7837
415,4151,10.10.12.31,WDC-ROM SN# XYZ----,00E04CC107C3
416,4151,10.10.18.36,WD-WMAYUA072239,00E04CDB0AC4
417,1151,192.168.29.82,ES2SI022312451,00270E2E7B73
418,6251,192.168.10.118,AA000000000000016719,64006A328F9F
419,4351,10.10.2.111,6479_A76C_90C0_0ECE.,8CEC4B5B19CF
420,7151,192.168.0.190,WCC6Y3KEE3R9,94C69154D59B
421,7151,192.168.0.162,88R6UAAMS,94C69154D317
422,6251,192.168.10.106,YS20221014128G470304,F48E3873A424
423,4151,10.10.13.42,S1GFNSBFC03071,8851FB4C4796
424,7151,192.168.0.123,WCC6Y3KEEJ2D,94C69154D4F1
425,4151,10.10.13.16,PVC200Z30HHL0J,00E04CDB0AC1
426,6251,192.168.10.120,YS542624514654657714,F8BC129ECD58
427,4151,10.10.12.34,WDC-ROM SN# XYZ----,00E04CC2180A
428,3251,192.168.2.127,2204ZD0R3G500413,6C626D46BC85
429,4151,10.10.12.37,PVFA04ZDT2RE6E,0025118151F2
430,8151,10.1.10.208,WD-WCAUZ1432079,4437E60EE1AB
431,6251,192.168.10.121,AA000000000000009193,C81F66468196
432,7151,192.168.0.183,WCC6Y2ZHNX7F,94C69154D38E
433,3151,10.7.1.23,0000_0000_0000_0001_00A0_7523_415C_B9F7.,20881071D1A7
434,7151,192.168.0.148,88R80Z1MS,94C69154DBDB
435,4151,10.10.15.2,WDC-DISK SN# XYZ---,4487FC9EA765
436,4351,10.10.13.158,ACE4_2E00_25A3_F6D7_2EE4_AC00_0000_0001.,00BE43F54EDF
437,8151,10.1.10.229,WD-WCAUZ0517338,4437E639A0DB
438,7151,192.168.0.174,WCC6Y5CLNDXV,94C69154D78C
439,1551,172.17.0.51,5CDF_B803_6150_03AF.,04D9C86BA9ED
440,7151,192.168.0.150,WCC6Y7UUP9HE,94C691550369
441,1551,172.17.0.88,WD-WCC6Y2HJVN8F,6C4B902BE9F4
442,6251,192.168.10.125,AA000000000000019117,C81F664623F4
443,4351,10.10.13.181,ACE4_2E00_25A3_F6C0_2EE4_AC00_0000_0001.,00BE43F54F9E
444,4151,10.10.14.54,TW0XRV8D550854A21258,8851FB461700
445,4151,10.10.19.1,F4984CB5,00E04CC21809
446,4351,10.10.13.227,ACE4_2E00_25A3_F6E6_2EE4_AC00_0000_0001.,00BE43F55121
447,4351,10.10.13.146,ACE4_2E00_25A3_F6C8_2EE4_AC00_0000_0001.,00BE43F5506B
448,4351,10.10.13.112,ACE4_2E00_25A4_C2BC_2EE4_AC00_0000_0001.,00BE43F54D5F
449,4351,10.10.13.198,ACE4_2E00_25A3_F6EB_2EE4_AC00_0000_0001.,00BE43F5515A
450,1151,192.168.29.211,WD-WCC6Y2RCV7AE,1C1B0DABBD5E
451,6251,192.168.10.124,AA000000000000021291,C81F664688CF
452,4351,10.10.13.200,ACE4_2E00_25A4_38F4_2EE4_AC00_0000_0001.,00BE43ED43E3
453,1551,172.17.0.126,5CDF_B803_6150_1B44.,04D9C86BA8C4
454,5152,192.168.103.128,E823_8FA6_BF53_0001_001B_444A_4885_CEB2.,7C57585BD83C
455,7151,192.168.0.110,WCC6Y2ZHN3Y8,94C69154D4D4
456,4351,10.10.13.171,ACE4_2E00_25A3_F6C4_2EE4_AC00_0000_0001.,00BE43F5503C
457,7151,192.168.0.128,88R85W7NS,D02788C3EBE2
458,4351,10.10.13.145,ACE4_2E00_25A4_3902_2EE4_AC00_0000_0001.,00BE43ED4548
459,4151,10.10.18.43,TW032GYJ550853BE1569,8851FB461A59
460,4351,10.10.13.201,ACE4_2E00_25A4_C29A_2EE4_AC00_0000_0001.,00BE43ED45C0
461,6251,192.168.10.123,YS20221013128G569539,F48E3873F159
462,7151,192.168.0.169,88Q561BNS,94C69154D6BB
463,7151,192.168.0.197,WCC6Y3KEEJHL,94C69154D45A
464,1551,172.17.0.73,5CDF_B803_6150_2097.,04D9C86B9847
465,4151,10.10.12.39,AA000000000000002274,00E04CC70273
466,4351,10.10.13.190,ACE4_2E00_25A3_F6E3_2EE4_AC00_0000_0001.,00BE43F550CA
467,3151,10.7.1.24,0000_0000_0000_0001_00A0_7523_415F_87D3.,20881070943F
468,1151,192.168.29.227,WD-WCC6Y7LCU5Z2,1C1B0D4EC454
469,4351,10.10.13.180,ACE4_2E00_25A3_F6D9_2EE4_AC00_0000_0001.,00BE43F54ECE
470,1651,192.168.0.138,ZN10AFND,E0D55E7BB810
471,4151,10.10.12.44,9RA67L41,00E04CC2180B
472,4351,10.10.13.241,ACE4_2E00_25A3_F6E1_2EE4_AC00_0000_0001.,00BE43F54D13
473,6251,192.168.1.125,YS20221013128G037312,F48E3873F158
474,5152,192.168.102.164,E823_8FA6_BF53_0001_001B_444A_4885_CB3D.,7C57585BDA7A
475,7151,192.168.0.104,WCC6Y3KEE5TV,94C69154D797
476,8151,10.1.10.50,WD-WCAS2E578578,4437E664091B
477,1151,192.168.29.195,WD-WCC6Y2CKVYZP,1C1B0DABB814
478,4351,10.10.13.228,ACE4_2E00_25A4_38EF_2EE4_AC00_0000_0001.,00BE43F54F8C
479,4351,10.10.13.135,ACE4_2E00_25A3_F6BD_2EE4_AC00_0000_0001.,00BE43F54FBC
480,4151,10.10.27.22,5MT2GS64,4487FC44C6AB
481,3151,10.7.1.25,0000_0000_0000_0001_00A0_7523_40E8_A144.,20881070CB52
482,6251,192.168.10.122,AA000000000000002260,F48E3873F9C7
483,1551,172.17.0.65,5CDF_B803_6150_16A8.,04D9C86B979C
484,4351,10.10.13.149,ACE4_2E00_25A4_38F2_2EE4_AC00_0000_0001.,00BE43ED455D
485,4151,10.10.14.16,WDC-ROM SN# XYZ----,00E04CC21808
486,4351,10.10.13.147,76UYLZTMS,484D7EA02C55
487,4151,10.10.12.42,5VMV5ZCF,00E04CC70274
488,6251,192.168.10.127,12202150732,C4346B7241F7
489,4151,10.10.12.41,WDC-ROM SN# XYZ----,00E04CB70E03
490,8151,10.1.10.45,THN162BTN251962,4437E62DB792
491,5152,192.168.102.213,E823_8FA6_BF53_0001_001B_444A_4970_BEE4.,7C57585CC9D6
492,4451,192.168.10.38,WD-WCC6Y7EXNDUT,C85ACF0D3238
493,4351,10.10.13.223,ACE4_2E00_25A3_F6D0_2EE4_AC00_0000_0001.,00BE43F55029
494,4451,192.168.10.36,WD-WCC6Y6HFKTZ7,C85ACF0D4864
495,7151,192.168.0.175,88R69YXNS,94C69154E0B9
496,4351,10.10.13.144,ACE4_2E00_25A3_F6C3_2EE4_AC00_0000_0001.,00BE43F5506F
497,5152,192.168.102.175,E823_8FA6_BF53_0001_001B_444A_4885_C5E5.,7C57585CCC1B
498,4351,10.10.13.179,ACE4_2E00_25A4_C29D_2EE4_AC00_0000_0001.,00BE43ED424B
499,6251,192.168.10.128,YS20230208128G443456,C4346B79664C
500,4351,10.10.13.211,ACE4_2E00_25A3_F6DF_2EE4_AC00_0000_0001.,00BE43F55141
501,4351,10.10.13.156,ACE4_2E00_25A3_F6BF_2EE4_AC00_0000_0001.,00BE43F54FF6
502,1551,172.17.0.72,5CDF_B803_6150_03A2.,04D9C86B7640
503,4351,10.10.13.192,ACE4_2E00_25A4_C2A8_2EE4_AC00_0000_0001.,00BE43ED44BC
504,4151,10.10.28.2,AA000000000000001789,4487FC6B57DB
505,4351,10.10.13.148,ACE4_2E00_25A4_3918_2EE4_AC00_0000_0001.,00BE43ED4536
506,4351,10.10.13.233,ACE4_2E00_25A3_F6ED_2EE4_AC00_0000_0001.,00BE43F55010
507,4451,192.168.10.34,WD-WCC6Y2HX4RF0,C85ACF0A23A2
508,4351,10.10.13.151,ACE4_2E00_25A4_3900_2EE4_AC00_0000_0001.,00BE43ED44BA
509,4351,10.10.13.231,ACE4_2E00_25A3_F6DC_2EE4_AC00_0000_0001.,00BE43F55027
510,1551,172.17.0.78,WD-WCAV1A388406,180373D08245
511,4451,192.168.10.35,WD-WCC6Y0DA47X7,C85ACF0A2621
512,5152,192.168.102.176,E823_8FA6_BF53_0001_001B_444A_492C_CBF2.,7C57585BD980
513,1151,192.168.29.83,WD-WCC6Y6YLCCPA,1C1B0DABBCCA
514,1151,192.168.29.182,WD-WCC6Y5XDX0KV,1C1B0DABB813
515,4351,10.10.13.153,ACE4_2E00_25A4_C2B8_2EE4_AC00_0000_0001.,00BE43F55068
516,4351,10.10.13.185,ACE4_2E00_25A3_F6D3_2EE4_AC00_0000_0001.,00BE43F54AEB
517,4451,192.168.10.37,WD-WCC6Y6HV87L1,C85ACF0D48D6
518,5152,192.168.103.158,E823_8FA6_BF53_0001_001B_444A_492C_C7C2.,7C57585CC9B7
519,4451,192.168.10.20,WD-WCC6Y4VKLFD6,C85ACF0D322F
520,5152,192.168.103.147,E823_8FA6_BF53_0001_001B_444A_492C_C7E0.,7C57585CC7FA
521,6251,192.168.1.141,YS20230208128G565959,C4346B79EFCA
522,6251,192.168.1.142,YS20230208128G565961,ECB1D73EF4CE
523,8151,10.1.10.40,WD-WCAUZ1044110,4437E629A59A
524,7151,192.168.0.165,WCC6Y2ZHN8K8,94C6915503D4
525,5152,192.168.102.168,E823_8FA6_BF53_0001_001B_444A_492C_C5AC.,7C57585CC9C1
526,6251,192.168.1.143,AA000000000000002356,ECB1D7510BDF
527,5152,192.168.103.181,E823_8FA6_BF53_0001_001B_444A_4885_CEB8.,7C57585CC8AA
528,8151,10.1.10.203,WD-WCAS2A052193,4437E663B1F5
529,6451,192.168.1.52,HBSE23300102369     _00000001.,3822E2288581
530,4451,192.168.10.28,WD-WCC6Y4RE94S9,C85ACF0D4A7B
531,4451,192.168.10.29,WD-WCC6Y4HEXLKR,C85ACF0D2FAB
532,5152,192.168.103.241,E823_8FA6_BF53_0001_001B_444A_4885_CE45.,7C57585BDA4F
533,4451,192.168.10.30,WD-WCC6Y6HV8TZ1,C85ACF0D3791
534,7151,192.168.0.200,88Q6BZUNS,94C69154DE14
535,7151,192.168.0.102,WCC6Y1ALDCFV,94C69154E007
536,6251,192.168.1.144,YS20230209128G681048,C4346B796471
537,7151,192.168.0.196,WCC6Y1ALDT11,94C69155011D
538,5152,192.168.103.213,E823_8FA6_BF53_0001_001B_444A_4970_BA4B.,7C57585CC885
539,1551,172.17.0.76,5CDF_B803_6150_1B8A.,04D9C86BA6BF
540,5152,192.168.102.200,E823_8FA6_BF53_0001_001B_444A_4970_B816.,7C57585BDA50
541,6251,192.168.1.145,AA000000000000002856,ECB1D7510981
542,1551,172.17.0.82,ZN17NKM3,6C4B902CD4CD
543,1151,192.168.29.78,WD-WCC6Y3DCXJYD,1C1B0DABB80B
544,7151,192.168.0.103,WCC6Y3KEE2R8,94C69154E0D5
545,8151,10.1.10.122,WDC-ROM SN# XYZ----,4437E663CBA0
546,5152,192.168.103.156,E823_8FA6_BF53_0001_001B_444A_4885_CEE3.,7C57585CC8BB
547,5152,192.168.103.232,E823_8FA6_BF53_0001_001B_444A_4970_B0BC.,7C57585CC8B0
548,8151,10.1.10.119,WD-WCAUZ0299977,4437E66316CB
549,7151,192.168.0.173,WCC6Y7SVDCFA,94C69155015A
550,7151,192.168.0.118,WCC6Y2ZHNFNR,94C69154D3C2
551,7151,192.168.0.105,WD-WCC6Y1AP4UZJ,8CEC4BCCEC1A
552,6552,192.168.30.162,Z2A0V8N9,78E3B590705F
553,8351,192.168.29.26,WD-WCAS2A317785,001D7D5F2A8B
554,7151,192.168.0.186,88R85RTMS,94C69154E190
555,8151,10.1.10.230,WD-WCAS2E778109,4437E663B1E2
556,6251,192.168.1.147,AA000000000000001538,480FCF4F4CF9
557,5152,192.168.103.178,E823_8FA6_BF53_0001_001B_444A_492C_C045.,7C57585BDA4C
558,6251,192.168.1.146,YS20230208128G578034,C4346B79F00D
559,8151,10.1.10.206,WD-WCAUZ1578555,4437E664AAAA
560,7151,192.168.0.135,ZN14KNFL,8CEC4BBF6705
561,7451,192.168.1.65,WD-WCAS23458495,00E04CB5797B
562,8151,10.1.10.12,WD-WCAS2E438594,4437E6637E16
563,8351,192.168.29.72,5VMYW1MY,4437E62B74C2
564,8351,192.168.29.250,9VYCM6YB,4437E604D3F9
565,8351,192.168.29.47,6VYB5T0Z,001FD040F1C7
566,1551,172.17.0.100,YS20230823256G128080,00E01B072221
567,4451,192.168.10.32,WD-WCC6Y4VKLXR0,C85ACF0D2B1E
568,5152,192.168.102.110,E823_8FA6_BF53_0001_001B_444A_492C_C7CF.,7C57585CC9C4
569,7151,192.168.0.112,WCC6Y1ALDJDJ,94C69154DBB6
570,7151,192.168.0.106,88R744PNS,94C69154E03F
571,4451,192.168.10.27,WD-WCC6Y6DE60TT,C85ACF0D2E7B
572,4451,192.168.10.31,WD-WCC6Y6HV873S,C85ACF0D2DA5
573,7151,192.168.0.198,ZN14KNW4,8CEC4BC015DD
574,7151,192.168.0.178,WCC6Y7SVDTFH,94C6915502B4
575,7151,192.168.0.121,ZN14KPGK,8CEC4BBF6604
576,5152,192.168.102.219,E823_8FA6_BF53_0001_001B_444A_492C_C015.,7C4D8F9E8C02
577,2251,10.168.0.113,KRN231205203,A08CFDD55B9D
578,7151,192.168.0.152,WCC6Y7UUP53F,94C69154D555
579,5152,192.168.103.69,E823_8FA6_BF53_0001_001B_444A_492C_CAF6.,7C57585CC9C0
580,8351,192.168.29.24,WD-WCC2EY386011,1078D278810A
581,1151,192.168.29.208,WD-WCC6Y7HT955F,1C1B0DABB815
582,7151,192.168.0.125,WCC6Y0PNLAC8,94C69155014A
583,5152,192.168.102.232,E823_8FA6_BF53_0001_001B_444A_4885_CE72.,7C57585CC8B3
584,6151,172.16.3.42,Z9AB8VVX,70208400905D
585,5152,192.168.102.201,E823_8FA6_BF53_0001_001B_444A_492C_CB75.,7C57585CC7F4
586,1151,192.168.29.107,WD-WCC6Y3AT05FH,1C1B0D4EC3D4
587,7151,192.168.0.185,WCC6Y1ALDVER,94C69154E3FD
588,7151,192.168.0.100,WCC6Y2ZHN300,94C69154D543
589,2251,10.168.0.202,KRN231205204,705A0F3A026D
590,1551,172.17.2.193,5CDF_B803_6150_033B.,04D9C86BA784
591,5152,192.168.102.54,E823_8FA6_BF53_0001_001B_444A_4885_CBCB.,7C57585CC8B2
592,8351,192.168.29.223,WD-WCAYUAR75689,D0278884F114
593,8151,10.1.10.72,WDC-ROM SN# XYZ----,4437E66279D9
594,8151,10.1.10.69,WD-WCAUZ0234380,4437E632093C
595,5251,192.168.2.200,WD-WCC6Y4VH0TL1,1CA0B8782A0F
596,5152,192.168.102.21,E823_8FA6_BF53_0001_001B_444A_4970_B15A.,7C57585BDA45
597,4151,10.10.13.30,150246401382,480FCF5E1B86
598,5251,192.168.2.199,WD-WCC6Y1ZVNFYF,A4AE12F781CB
599,7151,192.168.0.107,88Q4G01NS,94C69154E2C9
600,5251,192.168.2.198,WD-WCC6Y1ZK486H,1CA0B878255D
601,5251,192.168.2.197,WD-WCC6Y1ZK4E60,1CA0B8786FF9
602,5152,192.168.103.122,E823_8FA6_BF53_0001_001B_444A_4885_C53A.,7C57585BD831
603,7151,192.168.0.116,WCC6Y3KEEKE6,94C69154D553
604,1551,172.17.0.91,WD-WCC6Y1DNVX8L,6C4B902CD226
605,8351,192.168.29.192,WD-WMAV2EV70596,406186C282D5
606,2251,10.168.0.176,KRN231205262,A08CFDD5E1C9
607,5152,192.168.102.253,E823_8FA6_BF53_0001_001B_444A_492C_CB5D.,7C57585CC6C8
608,5251,192.168.2.196,WD-WCC6Y2VZXK0K,A4AE12F781B0
609,5551,192.168.0.108,ES1RH1023063859,4437E6B63AEB
610,5152,192.168.102.172,E823_8FA6_BF53_0001_001B_444A_4885_CB01.,7C57585CC956
611,2251,10.168.0.111,KRN231219257,705A0F4E19E6
612,5152,192.168.103.12,E823_8FA6_BF53_0001_001B_444A_4885_C523.,7C57585CC9B9
613,2251,10.168.0.105,KRN231205357,A08CFDE94D63
614,2251,10.168.0.108,KRN231219359,480FCF636A66
615,8351,192.168.29.190,WD-WCAV2V510577,6C626D991809
616,8151,10.1.10.35,5RX536K9,4437E6627A77
617,2251,10.168.0.207,KRN231205329,C8D3FFBAB66E
618,5251,192.168.2.195,5VMXFSGK,1CA0B8782559
619,8151,10.1.10.39,WD-WCAUZ1426337,4437E60D7387
620,5152,192.168.103.253,E823_8FA6_BF53_0001_001B_444A_492C_CE6C.,7C57585BDA59
621,2251,10.168.0.222,KRN231205207,DC4A3E72120D
622,2251,10.168.0.220,KRN231205210,A08CFDCE5953
623,2251,10.168.0.219,KRN231205347,C8D3FFBCB01F
624,2251,10.168.0.224,KRN231205325,A08CFDD5E80E
625,1551,172.17.0.92,WD-WCC6Y6LE983Z,00D86149C97D
626,2251,10.168.0.114,KRN231205300,A08CFDCEEF18
627,2251,10.168.0.110,KRN231205208,3464A9D446FA
628,7151,192.168.0.172,88Q77LJNS,94C69154E32D
629,1551,172.17.0.98,WD-WCC6Y4FTK9UY,6C4B902CD40B
630,5251,192.168.2.194,WD-WCC6Y5JK6YUV,1CA0B8787316
631,5251,192.168.2.193,WD-WCC6Y4RCHC1C,A4AE12F77CE1
632,2251,10.168.0.117,KRN231219357,A08CFDE9BF17
633,5251,192.168.2.192,WD-WCC6Y1HXYS8X,1CA0B87859AD
634,2251,10.168.0.218,KRN231205226,480FCF51FB1D
635,2251,10.168.0.136,KRN231205201,480FCF627A9C
636,1151,192.168.29.142,ES2SI022310558,00270E2E7BB2
637,4451,192.168.10.48,WD-WCC6Y2HX4F4P,C85ACF0D4AF6
638,2251,10.168.0.135,KRN231205252,C8D3FFBABD18
639,5251,192.168.2.191,WD-WCC6Y7YZ22TD,F4939FEDD8A1
640,2251,10.168.0.126,KRN231205284,DC4A3E7468DD
641,4451,192.168.10.45,WD-WCC6Y4RE9NTT,C85ACF0D4961
642,5251,192.168.2.190,WD-WCC6Y1HXYH7D,1CA0B8785991
643,4451,192.168.10.47,WD-WCC6Y0YEX2EP,C85ACF09FD54
644,1551,172.17.0.93,WD-WCC6Y0XP6FVE,6C4B902CCA18
645,2251,10.168.0.149,AA202210076289,DC4A3E67B44F
646,7151,192.168.0.163,WCC6Y3KEE3CU,94C69154D44B
647,4451,192.168.10.90,WD-WCC6Y7EXNH1H,C85ACF0D3815
648,2251,10.168.0.127,KRN231205234,5065F3307C24
649,4451,192.168.10.44,WD-WCC6Y6HFK0J1,C85ACF0D47E5
650,2251,10.168.0.171,KRN231205343,480FCF5239A8
651,5251,192.168.2.189,WD-WCC6Y1ZK4EJ1,1CA0B8782577
652,7151,192.168.0.155,WCC6Y7SVD8L7,94C69154D647
653,4451,192.168.10.43,WD-WCC6Y4RE9DE6,C85ACF0D2988
654,5251,192.168.2.188,WD-WCC6Y0CEC1NZ,1CA0B878716F
655,5152,192.168.102.182,E823_8FA6_BF53_0001_001B_444A_4970_BDA1.,7C57585CC8BF
656,5251,192.168.2.187,WD-WCC6Y6HEE20N,1CA0B87827DC
657,5251,192.168.2.186,WD-WCC6Y6HEELV6,1CA0B87829A0
658,4451,192.168.10.46,WD-WCC6Y0DA4371,C85ACF0D485F
659,2251,10.168.0.103,KRN231205346,C8D3FFBC2B03
660,2251,10.168.0.120,KRN231205285,480FCF596F4A
661,8351,192.168.29.207,9VMR0P39,6C626DB05552
662,2251,10.168.0.154,KRN231205254,A08CFDF10786
663,2251,10.168.0.115,KRN231219358,705A0F3903DE
664,2251,10.168.0.112,KRN231205261,705A0F31586E
665,6151,172.16.2.193,WD-WCC6Y2RYT4H6,1C666D996A64
666,8351,192.168.29.77,WD-WCAV2V510573,6C626D76686F
667,6451,192.168.1.3,AA000000000000008397,3822E22888F7
668,7351,192.168.2.104,ES2RH1123283164,00E95CA842EC
669,1151,192.168.29.69,WD-WCC6Y7ARJ844,1C1B0D4EC3D1
670,5551,192.168.0.114,ES1RH1023102661,4437E6B9EBDC
671,5152,192.168.103.183,E823_8FA6_BF53_0001_001B_444A_492C_C089.,7C57585CC7FC
672,2251,10.168.0.231,KRN231205276,480FCF6368A1
673,2251,10.168.0.227,KRN231205206,480FCF5972A2
674,5551,192.168.0.115,ES1RH1023106042,A41F72551F52
675,8351,192.168.29.156,9VYHHW66,001D7D22DA22
676,2251,10.168.0.225,KRN231219253,C8D3FFB5894D
677,5152,192.168.103.219,E823_8FA6_BF53_0001_001B_444A_4885_CE48.,7C57585CBF9D
678,4451,192.168.10.53,WD-WCC6Y0AT1T45,C85ACF0D3254
679,1151,192.168.29.225,WD-WCC6Y4XDKP8A,1C1B0DABB7B3
680,2251,10.168.0.119,AFD20EFC10281740223,A08CFDBEC7CC
681,2251,10.168.0.139,KRN231205287,9457A5ED4417
682,5551,192.168.0.119,ES1RH1023103593,FC4DD432B80C
683,5152,192.168.103.209,E823_8FA6_BF53_0001_001B_444A_492C_CBBE.,7C57585CC960
684,5551,192.168.0.120,ES1RH1023105877,4437E6C3EFE7
685,2251,10.168.0.150,KRN231219255,DC4A3E801EEA
686,1151,192.168.29.165,WD-WCC6Y3FVP6Y1,1C1B0D4EC3C5
687,2251,10.168.0.131,KRN231219337,A08CFDE139D0
688,5152,192.168.102.218,E823_8FA6_BF53_0001_001B_444A_492C_C04C.,7C57585BD829
689,1151,192.168.29.66,WD-WCC6Y2RCV1Z8,1C1B0D4D99AE
690,5152,192.168.102.217,E823_8FA6_BF53_0001_001B_444A_4885_CB33.,7C57585BDA51
691,5152,192.168.103.113,E823_8FA6_BF53_0001_001B_444A_492C_CC3D.,7C57585CC7CB
692,2251,10.168.0.133,KRN231205263,705A0F4C6F42
693,5152,192.168.102.99,E823_8FA6_BF53_0001_001B_444A_492C_C04D.,7C57585BDA1E
694,8351,192.168.29.181,WD-WMAV2T513846,406186C28E19
695,2251,10.168.0.122,KRN231205274,A08CFDD52415
696,7351,192.168.2.103,ES2RH1123283159,00B8F6A81EFE
697,8151,10.1.10.52,TPW180304260000,4437E628A55E
698,2251,10.168.0.211,KRN231205258,480FCF5239C3
699,6151,172.16.2.212,Z9AB66L3,702084008D7D
700,1351,192.168.1.133,ZN15VTT4,1CA0B8801ECB
701,2251,10.168.0.123,KRN231205279,C8D3FFBFE291
702,8151,10.1.10.37,WD-WCAV1C304863,4437E6648A71
703,2251,10.168.0.208,KRN231205331,9457A5EC1F1A
704,7151,192.168.0.184,88R74ADNS,94C691550282
705,2251,10.168.0.214,AA2022040148,A08CFDF0B3D9
706,8351,192.168.29.142,6VMYDF61,C8D3A3ABFBA3
707,8351,192.168.29.111,9VYCXR8B,406186C29646
708,2251,10.168.0.144,KRN231205352,9457A5ED48E3
709,5551,192.168.0.101,ES1RH1023070699,2C44FD0F33AF
710,2251,10.168.0.177,KRN231219334,705A0F4AC0AD
711,7151,192.168.0.132,WD-WCC6Y5JK4CK5,8CEC4BCCE8D6
712,7151,192.168.0.180,WCC6Y3KEESJK,94C69154D790
713,7151,192.168.0.134,WCC6Y4FR2UFU,94C69154D898
714,1351,192.168.1.136,ZN15VW35,1CA0B8801E8D
715,5152,192.168.103.42,E823_8FA6_BF53_0001_001B_444A_4885_CE78.,7C57585BD9B1
716,2251,10.168.0.168,KRN231205339,480FCF4380C5
717,7351,192.168.2.108,ES2RH1123283161,00B8F6A81EFD
718,8351,192.168.29.61,9QF5682M,6C626D7667F7
719,8251,192.168.1.213,THBB13TVG2512960,6C0B8469332B
720,5152,192.168.103.43,E823_8FA6_BF53_0001_001B_444A_4970_B8A5.,7C57585CC8B7
721,5551,192.168.0.102,ES1RH1023108921,A0D3C12E05FA
722,2251,10.168.0.193,191771801069,10E7C6ADC17E
723,4451,192.168.10.54,WD-WCC6Y0DA4JLS,C85ACF0D4841
724,6551,192.168.1.44,6VM4RWDJ,1078D240C11F
725,2251,10.168.0.212,KRN231205238,A08CFDD566EE
726,2251,10.168.0.102,KRN231104588,9457A5EE87BD
727,7151,192.168.0.108,88R85YRNS,94C69154D210
728,5152,192.168.102.160,E823_8FA6_BF53_0001_001B_444A_492C_C08D.,7C57585BDA41
729,8151,10.1.10.36,WD-WCAS29409715,4437E66316B7
730,6551,192.168.1.24,W3TH55PG,80C16EEBFFA5
731,4451,192.168.10.55,WD-WCC6Y6HV8PAD,C85ACF0A1CAE
732,7351,192.168.2.105,057333029722730D,00E01DA12587
733,8151,10.1.10.172,WD-WCAS29944482,4437E60E95AA
734,5152,192.168.103.78,E823_8FA6_BF53_0001_001B_444A_492C_CBB8.,7C57585CC959
735,7151,192.168.0.120,WCC6Y2ZHN4ZF,94C69154D685
736,2251,10.168.0.226,KRN231219299,480FCF65E030
737,4551,20.20.1.66,233038802694,F832E49C1ADD
738,8351,192.168.29.104,WD-WCAV27700922,001D7DBAF16C
739,2251,10.168.0.145,AA000000000000001708,5065F3375AF9
740,5551,192.168.0.104,ES1RH1023104365,40A8F0421B38
741,7151,192.168.0.115,WCC6Y7UUPVL0,94C69154D3B5
742,2251,10.168.0.233,KRN231205327,A08CFDE94A17
743,8351,192.168.29.73,WD-WCC2EXF63770,90B11C7564B3
744,5152,192.168.103.132,E823_8FA6_BF53_0001_001B_444A_492C_CE61.,7C57585CC96A
745,7151,192.168.0.114,WCC6Y3XYC3J6,94C69154D1A5
746,2251,10.168.0.118,CN011AJ0611826,186024E6E0EA
747,5551,192.168.0.118,ES1RH1023070297,10604B726994
748,5152,192.168.102.251,E823_8FA6_BF53_0001_001B_444A_4970_B5C2.,7C57585BD6D9
749,2251,10.168.0.187,KRN231205297,DC4A3E7213DA
750,8351,192.168.29.204,WD-WCAS25840061,0019BBE1F96C
751,2251,10.168.0.235,KRN231205235,480FCF5238E7
752,1351,192.168.1.104,WD-WCC6Y3CPR1JS,1CA0B8786D96
753,2251,10.168.0.234,CN011AJ0611829,C8D3FFA01F62
754,6151,172.16.1.114,WD-WCC6Y7RYNEZT,70208400C3FD
755,5152,192.168.103.182,E823_8FA6_BF53_0001_001B_444A_4970_B8A9.,7C57585CC8BD
756,6151,172.16.1.61,Z9AATLWY,1C666D98A7D6
757,2251,10.168.0.232,KRN231219395,A08CFDE13565
758,6151,172.16.1.112,WD-WCC6Y2RYTPD9,1C666D988DA6
759,7151,192.168.0.191,WCC6Y2ZHNL24,00E04CB4009E
760,8351,192.168.29.157,WD-WCAYUJ004124,90FBA61CD293
761,8151,10.1.10.217,WD-WCAV17721953,4437E648857D
762,1651,192.168.0.144,ZN10ADEQ,E0D55E7BC208
763,5152,192.168.103.154,E823_8FA6_BF53_0001_001B_444A_492C_CADD.,7C57585BD981
764,6551,192.168.1.37,JP1572FL2SJTJK,00E01D913174
765,8351,192.168.29.172,5RX5P7GS,001D7DB8C11B
766,7151,192.168.0.168,WCC6Y2ZHNPV4,94C69154DACA
767,8351,192.168.29.178,WD-WCAYUAR75627,D0278884F025
768,4351,10.10.13.163,ACE4_2E00_25A4_38FD_2EE4_AC00_0000_0001.,00BE43ED4437
769,6551,192.168.1.5,SCA207MM1UGGUA,78E7D183E81D
770,4351,10.10.13.188,ACE4_2E00_25A3_F6DE_2EE4_AC00_0000_0001.,00BE43F55012
771,5152,192.168.103.62,E823_8FA6_BF53_0001_001B_444A_4970_B5C1.,7C57585CC94B
772,5152,192.168.103.48,E823_8FA6_BF53_0001_001B_444A_492C_C058.,7C57585CC8AD
773,8351,192.168.29.27,9RW1K4YR,001D7DBAE96E
774,4551,20.20.1.65,AA20220914256G102873,448A5B571C06
775,4351,10.10.13.236,ACE4_2E00_25A3_F6EC_2EE4_AC00_0000_0001.,00BE43F54EB2
776,4351,10.10.13.57,ACE4_2E00_25A4_38E0_2EE4_AC00_0000_0001.,00BE43F54D05
777,7151,192.168.0.182,WCC6Y3KEEYYH,94C69154D72F
778,7151,192.168.0.113,WCC6Y3KEEDHH,94C69154DD52
779,8351,192.168.29.213,W6221ZRG,6C626D515B98
780,4351,10.10.13.238,ACE4_2E00_25A4_38EE_2EE4_AC00_0000_0001.,00BE43ED4561
781,2251,10.168.0.209,KRN231205278,DC4A3E6EFC26
782,4351,10.10.13.208,ACE4_2E00_25A4_38F5_2EE4_AC00_0000_0001.,00BE43ED43E4
783,6551,192.168.1.22,W3TLKA5S,485B3938A80F
784,7151,192.168.0.156,88Q4EVENS,94C69154E17D
785,8151,10.1.10.57,9RXEHPSK,4437E637FB35
786,5152,192.168.103.160,E823_8FA6_BF53_0001_001B_444A_4885_CE44.,7C57585BD998
787,4351,10.10.13.143,ACE4_2E00_25A4_C2C6_2EE4_AC00_0000_0001.,00BE43F54EF9
788,4351,10.10.13.142,ACE4_2E00_25A3_F6DD_2EE4_AC00_0000_0001.,00BE43F550FE
789,1351,192.168.1.103,WD-WCC6Y1ZK4RDX,1CA0B8791DD7
790,2251,10.168.0.142,KRN231205265,5065F34902EA
791,4351,10.10.13.53,ACE4_2E00_25A3_F6C7_2EE4_AC00_0000_0001.,00BE43F54EC1
792,4351,10.10.13.104,ACE4_2E00_25A4_C2B6_2EE4_AC00_0000_0001.,00BE43ED47FE
793,6551,192.168.1.45,9VMXQNZ0,1078D2103E02
794,4351,10.10.13.155,ACE4_2E00_25A4_C2BB_2EE4_AC00_0000_0001.,00BE43F550BB
795,4351,10.10.13.111,ACE4_2E00_25A3_F6E7_2EE4_AC00_0000_0001.,00BE43F54EAE
796,8251,192.168.1.225,03025913012621100958,D8CB8A8CF61B
797,8351,192.168.29.102,9VMR0QVH,6C626D97434E
798,4351,10.10.13.137,ACE4_2E00_25A3_F6D8_2EE4_AC00_0000_0001.,00BE43F54FEA
799,7151,192.168.0.151,WCC6Y7SVDAF2,94C69154E1E0
800,6551,192.168.1.14,X5LENDKGS,4439C45366F6
801,4351,10.10.13.165,ACE4_2E00_25A4_C2BD_2EE4_AC00_0000_0001.,00BE43F54FBF
802,8151,10.1.10.51,WD-WCAS27984252,4437E6631474
803,6551,192.168.1.3,Z3TFS7D8,D8CB8A42132A
804,2251,10.168.0.217,KRN231205286,A08CFDCE5C0C
805,4351,10.10.13.140,ACE4_2E00_25A3_F6CE_2EE4_AC00_0000_0001.,00BE43F55076
806,6551,192.168.1.42,S1D307QX,2C27D7278C3F
807,6551,192.168.1.4,WD-WCC2E1YXVJZ2,3CD92B70B430
808,7351,192.168.2.107,ES2RH1123283165,00155AA1E707
809,1351,192.168.1.118,ZN15VJJG,1CA0B8801E97
810,8251,192.168.1.223,03025913012621100958,6C0B8493EBFB
811,2251,10.168.0.191,KRN231205330,C8D3FFBC25A9
812,7151,192.168.0.129,ZN14LC0B,00E04C68C2CE
813,6551,192.168.1.13,SCK207MM2TS8LC,D8CB8A421B1E
814,2251,10.168.0.186,KRN231205257,705A0F482A36
815,2251,10.168.0.109,KRN231205322,9457A5EC07C8
816,4451,192.168.10.78,WD-WCC6Y4HEXAK5,C85ACF0A1FFE
817,6551,192.168.1.9,9RA760T7,4439C45018F6
818,2251,10.168.0.228,AA000000000000001330,5065F3377A90
819,8351,192.168.29.124,9VYC5QGL,1078D2787F75
820,8351,192.168.29.237,6VM40Y9L,001D7DB9BE22
821,2251,10.168.0.141,KRN231205251,705A0F40352B
822,8251,192.168.1.226,03025913012621100958,6C0B846CB59C
823,2251,10.168.0.128,KRN231205288,9457A5F3FD65
824,8151,10.1.10.66,9VY5KTSV,4437E6026BD3
825,1351,192.168.56.1,ZN15TBV1,1CA0B8801F32
826,2251,10.168.0.125,KRN231205348,9457A5EC06C6
827,8251,192.168.1.224,THBB13TVG2512959,6C0B846CB591
828,8251,192.168.1.221,03025913012621100958,D8CB8A8CD2DF
829,6151,172.16.1.23,WD-WCC6Y7RSTFAC,1C666D988D0A
830,8351,192.168.29.234,6VYBP1YZ,001D9280513E
831,7351,192.168.2.109,ES2RH1123283163,0AE0AFA119E6
832,4551,20.20.1.64,22364J800907,D017C299B60B
833,1552,192.168.1.123,ZN1619RX,A4FC776B1473
834,7151,192.168.0.147,ZN14K2FL,8CEC4BC015FE
835,1351,192.168.1.120,ZN15VTGH,1CA0B8801ED7
836,5551,192.168.0.103,ES1RH1023106594,F0921CE864E7
837,7151,192.168.0.131,WCC6Y3KEEU9F,94C6915501F7
838,6551,192.168.1.6,SCK207MM2NVU4C,78E7D183E53B
839,8251,192.168.1.228,AA000000000000001714,6451062E11DF
840,6551,192.168.1.32,WD-WCC2E4XP9T95,082E5F000D01
841,7151,192.168.0.171,WD-WCC6Y5CJ1ARS,8CEC4BCCBEE1
842,6551,192.168.1.8,9VMBVDF3,D8D38576D2F4
843,4551,20.20.1.63,22364J801244,00E01A04B031
844,6551,192.168.1.7,9VMBVA9B,18A905C28C2E
845,4251,192.168.168.108,Z6E8BZ90,F8BC128160BB
846,8251,192.168.1.222,AA000000000000001725,6451063773AB
847,6551,192.168.1.10,Z3TJXKS6,2C4138AF84DB
848,4251,192.168.168.111,WD-WCC2ETR76376,C81F6639C996
849,8251,192.168.1.220,AA000000000000000607,6451062A9C3B
850,6551,192.168.1.40,6VMVHJF8,2C44FD20B166
851,4251,192.168.168.107,WD-WCC2ETR89547,C81F6639D05B
852,8351,192.168.29.248,WD-WMAV21089744,4437E667F724
853,6551,192.168.1.19,5VVDCZJQ,1078D21C3320
854,5551,192.168.0.105,ES1RH1023106176,40A8F0429AE7
855,6551,192.168.1.43,S2AQDPXC,2C27D740EA2C
856,8251,192.168.1.218,AA000000000000000563,6451062E0E36
857,8351,192.168.29.242,058F63626421,D067E51FF1C7
858,1351,192.168.1.101,ZN15VNVR,1CA0B8801E60
859,6551,192.168.1.36,WCC6Z1ZZYZ5C,78ACC0BC5B75
860,8251,192.168.1.207,AA000000000000000680,6451062E0E24
861,4251,192.168.168.110,WD-WCC2ETR89497,C81F6639C80E
862,7151,192.168.0.138,WD-WCC6Y5JK46TN,8CEC4BCCEBA8
863,8351,192.168.29.244,WD-WCAWF5356352,1078D2FA935D
864,6551,192.168.1.41,Z6EQ82BQ,002522704EA9
865,4251,192.168.168.106,WD-WCC2ETP60452,C81F6639D197
866,8251,192.168.1.210,AA000000000000000066,6451062E0E2D
867,8351,192.168.29.190,WD-WMAV2HN51044,D0278859CD4D
868,6551,192.168.1.53,WD-WCC2E4KJ2V2P,082E5F2633FD
869,6551,192.168.1.20,5VVAK5EQ,00252279CFC7
870,8251,192.168.1.205,AA000000000000001038,C4346B76F02E
871,6551,192.168.1.34,W3T2RBC0,082E5F238376
872,8351,192.168.29.236,WD-WMAV2FP79086,4437E65B64E9
873,8251,192.168.1.227,AA000000000000000064,DC4A3E9A0C50
874,8151,10.1.10.140,WD-WCAV12194595,4437E628A4E4
875,6551,192.168.1.16,ES1SI032406448,003893AAF5A6
876,7151,192.168.0.126,WCC6Y4UN1HE9,D02788B432F2
877,1351,192.168.1.122,ZN15VLGK,1CA0B8801E6B
878,8251,192.168.1.204,AA000000000000000097,645106373BDA
879,8351,192.168.29.180,WD-WCAV21493958,78E3B597724D
880,6551,192.168.1.33,9VVPQPSZ,00E04CA32D6D
881,4251,192.168.168.105,WD-WCAT24120316,C81F6639D4AA
882,3351,192.168.144.12,0025_3888_11B9_A078.,E0BE034FD48D
883,6151,172.16.1.22,WD-WCC6Y2RYTYJD,1C666D9890F1
884,3351,192.168.144.13,0025_3888_11B7_86DF.,E0BE034FDBE0
885,1651,192.168.0.117,ZN1D89AA,B42E99B40AB5
886,8351,192.168.29.200,9VMYYZ7D,6C626DAFCEC3
887,4251,192.168.168.115,WD-WCC2ETN77438,C81F6639D030
888,7151,192.168.0.122,WD-WCC6Y0ZX7S5U,8CEC4BCCBCB7
889,3351,192.168.144.65,0025_3888_11B9_8C9B.,E0BE034FD25F
890,3351,192.168.144.11,0025_3888_11B9_991F.,E0BE034FDAC9
891,8351,192.168.29.210,WD-WCAS2C775577,001D7D5FA869
892,7151,192.168.0.167,WCC6Y3KEEJTN,94C69154D89D
893,6151,172.16.2.198,Z9AB9Q64,70208400D0B7
894,1551,172.17.0.128,WD-WCC6Y4FFSXXD,00D86149C8F9
895,6551,192.168.1.17,Z6E5KQEK,00270E1219F7
896,6151,172.16.0.255,WD-WMC6Y0M8UCYA,70208400C1A4
897,6551,192.168.1.12,WD-WMAM9ADP6408,D8D38576D3ED
898,6551,192.168.1.18,9VVPN1MD,00E04CA32D0A
899,4551,20.20.1.68,AA00000000005952,00E01B0A53BA
900,1351,192.168.1.114,ZN15TBJ9,1CA0B8801E5B
901,8351,192.168.29.169,S1X7J9BS300100,00241D671DF4
902,1651,192.168.0.121,ZN10B57R,E0D55E7BC201
903,8351,192.168.29.78,S2AAM0B8,4437E6681EA1
904,6551,192.168.1.11,5VVFG35W,4487FCECCB94
905,7151,192.168.0.166,88R63NUNS,94C69154DEBC
906,3351,192.168.144.66,0025_3888_11B9_9D65.,E0BE034FD117
907,6151,172.16.2.195,Z9AB68X8,70208400BF5C
908,3351,192.168.144.67,0025_3888_11B9_990A.,E0BE034FD4D0
909,1551,172.17.0.129,9VMBQAW4,6C4B906EE962
910,3351,192.168.144.61,0025_3888_11B9_992C.,E0BE034FDAD6
911,3351,192.168.144.63,001B_448B_41D9_D316.,E0BE034FD265
912,8351,192.168.29.187,WD-WMAV2JJ13842,78E3B5977360
913,6551,192.168.1.38,S2A973A2,2C4138AB203B
914,3351,192.168.144.62,001B_448B_41D9_DC9F.,E0BE034FD3ED
915,6551,192.168.1.15,6VVGNAEJ,00E04CA32D19
916,7151,192.168.0.127,WD-WCC6Y0ZX7JXH,8CEC4BCBA53E
917,3351,192.168.144.68,0025_3888_11B9_992B.,E0BE034FD95B
918,3351,192.168.144.58,0025_3888_11B9_9922.,E0BE034FD127
919,3351,192.168.144.57,001B_448B_41D8_45ED.,E0BE034FD17F
920,3351,192.168.144.54,001B_448B_41D9_0B28.,E0BE034FD966
921,1551,172.17.0.130,ZN18203K,6C4B905CE61B
922,3351,192.168.144.56,001B_448B_41D8_64EA.,E0BE034FDE4A
923,3351,192.168.144.55,001B_448B_41D8_8458.,E0BE034FD939
924,3351,192.168.144.69,001B_448B_41D8_4E45.,E0BE034FD8DB
925,8151,10.1.10.204,WD-WCAS2A093352,4437E62DE8C6
926,3351,192.168.144.59,0025_3888_11B9_9E13.,E0BE034FD359
927,3351,192.168.144.53,001B_448B_41D8_8D6D.,E0BE034FD89E
928,8151,10.1.10.205,WD-WCAUZ0647894,4437E62C37C3
929,3351,192.168.144.17,001B_448B_41D8_87A9.,E0BE034FD8F3
930,3351,192.168.144.48,0025_3888_11B9_9A89.,E0BE034FD228
931,1651,192.168.0.136,Z3TY3GEV,1C1B0D3463E0
932,3351,192.168.144.50,0025_3888_11B9_A11F.,E0BE034FD15E
933,3351,192.168.144.49,0025_3888_11B9_A040.,E0BE034FD0B3
934,3351,192.168.144.47,0025_3888_11B9_9EFE.,E0BE034FD48B
935,3351,192.168.144.43,0025_3888_11B7_869B.,E0BE034FD458
936,1351,192.168.1.143,WD-WCC6Y4YYLX4N,1CA0B8786EFF
937,4251,192.168.168.116,WD-WCC2ETM67882,C81F6639D4D7
938,3351,192.168.144.70,001B_448B_41D8_4545.,E0BE034FD8E2
939,1551,172.17.0.131,WD-WCC6Y6AX5X86,6C4B9071AF5E
940,3351,192.168.144.46,001B_448B_41D8_9973.,E0BE034FD5EE
941,4251,192.168.168.120,WD-WCC2ETP60614,C81F6639D333
942,3351,192.168.144.42,0025_3888_11B9_9F4F.,E0BE034FD894
943,3351,192.168.144.44,001B_448B_41D9_F4B9.,E0BE034FD8CE
944,4251,192.168.168.118,WD-WCC2ETR86589,C81F6639D432
945,6451,192.168.1.83,HBSE23300100835     _00000001.,3822E22887BC
946,3351,192.168.144.16,0025_3888_11B7_86DD.,E0BE034FD8BF
947,6151,172.16.1.245,Z9AARL0G,1C666D98904A
948,8251,192.168.1.230,AA000000000000000067,C4346B76F0A2
949,5551,192.168.0.116,ES1RH1023076178,D4BED9EAD1B1
950,7351,192.168.2.101,ES2RH1023223582,00E01D9E47A2
951,6151,172.16.1.216,Z9AAGBZ2,1C666D988C19
952,8251,192.168.1.208,03025913012621100958,6C0B846AB802
953,8351,192.168.29.145,WD-WCAYUAR75675,D0278884F10E
954,1551,172.17.0.132,WD-WCC6Y0TC26Y8,6C4B9071B254
955,8351,192.168.29.42,JP1440HJ2WA4TU,D0278884F02E
956,8351,192.168.29.99,5VMW6HHX,1078D27847D2
957,8351,192.168.29.37,WD-WMAV2DD46963,6C626D540FC0
958,1651,192.168.0.135,ZN1D88T8,B42E99B1A926
959,1351,192.168.1.105,ZN15VR3G,1CA0B88057B5
960,8251,192.168.1.232,AA000000000000005769,6451063773A9
961,8351,192.168.29.188,9VV6ZZ4Z,4437E65B655C
962,3351,192.168.144.60,0025_3888_11B9_A275.,E0BE034FD0B9
963,3351,192.168.144.51,001B_448B_41D6_8F58.,E0BE034FD923
964,8351,192.168.29.22,WD-WCC2EM599567,1078D2787FBB
965,3351,192.168.144.31,0025_3888_11B7_86B0.,E0BE034FD8A7
966,7351,192.168.2.112,ES2RH1123283160,00BBE2FAEC63
967,3351,192.168.144.30,0025_3888_11B7_859F.,E0BE034FD301
968,7351,192.168.2.111,ES2RH0923157098,00E01D99548B
969,8251,192.168.1.219,03025913012621100958,D8CB8A8CD438
970,3351,192.168.144.28,001B_448B_41D8_9BD0.,E0BE034FD993
971,5551,192.168.0.133,ES1RH1023073526,D4BED9EAD370
972,7151,192.168.0.195,ZN14LZS1,8CEC4BC00EE0
973,1351,192.168.1.119,WD-WCC6Y6NLRC7J,1CA0B8791DEF
974,3351,192.168.144.37,001B_448B_41D9_F7D6.,E0BE034FD980
975,3351,192.168.144.27,0025_3888_11B9_9EA8.,E0BE034FD2DC
976,3351,192.168.144.32,0025_3888_11B9_98AD.,E0BE034FD87B
977,8251,192.168.1.211,03025913012621100958,D8CB8A8CF619
978,3351,192.168.144.29,0025_3888_11B9_9951.,E0BE034FD860
979,1651,192.168.0.123,ZN10AZ7S,E0D55E7BB9C4
980,8251,192.168.1.217,03025913012621100958,D8CB8A8CD439
981,5551,192.168.0.121,ES1RH1023103059,4437E6C3F3A4
982,1551,172.17.0.133,WD-WCC6Y4FTKY1L,6C4B902CCA22
983,4551,20.20.1.69,AA00000000010486,00E01B0A53BD
984,8251,192.168.1.216,03025913012621100958,6C0B844501E3
985,6451,192.168.1.79,HBSE23300102381     _00000001.,3822E22888F4
986,5551,192.168.0.136,ES1RH1023094842,D017C29AF612
987,8351,192.168.29.238,WD-WMAV2HN02579,D0278859CDB2
988,1351,192.168.1.123,ZN15VWZE,1CA0B8799A78
989,8251,192.168.1.215,03025913012621100958,6C0B846AB7F5
990,3351,192.168.144.38,001B_448B_41D8_45EA.,E0BE034FD18D
991,8351,192.168.29.229,WD-WCAV35516337,0019DB729200
992,4251,192.168.168.123,WD-WCC2ETP62847,C81F6639CB68
993,1351,192.168.1.141,WD-WCC6Y7ARVX18,1CA0B8802928
994,8251,192.168.1.212,THBB13TVG2512957,6C0B846C50BD
995,5551,192.168.0.107,ES1RH1023072848,40A8F04215F2
996,6151,172.16.1.93,WD-WCC6Y0EU1EFJ,70208400D063
997,8251,192.168.1.229,03025913012621100958,6C0B846CB586
998,8351,192.168.29.41,WD-WMAV2FR91708,1078D29247C7
999,1551,172.17.0.134,W9ADPBZS,6C4B9071B2CD
1000,1351,192.168.1.110,WD-WCC6Y0AVJT9L,1CA0B877446C
1001,1651,192.168.0.111,ZN10AFM2,E0D55E7BBA45
1002,3351,192.168.144.15,0025_3888_11B9_A26E.,E0BE034FD09E
1003,8251,192.168.1.206,AA000000000000006044,6451062E11E1
1004,3351,192.168.144.45,0025_3888_11B7_8572.,E0BE034FD3CC
1005,3351,192.168.144.36,0025_3888_11B9_98CB.,E0BE034FDADD
1006,6451,192.168.1.88,HBSE23300102380     _00000001.,3822E228856C
1007,8251,192.168.1.234,AA000000000000000069,64510637736C
1008,3351,192.168.144.25,001B_448B_41D8_45E7.,E0BE034FD176
1009,5551,192.168.0.117,ES1RH1023103503,F8B156DAD9BC
1010,1351,192.168.1.112,WD-WCC6Y5JK6JF8,1CA0B87944B1
1011,6151,172.16.1.197,WD-WCC6Y6AX21Z9,1C666D98AA25
1012,1351,192.168.1.108,ZN15VV56,1CA0B8801E53
1013,1351,192.168.1.115,ZN15VSX9,1CA0B88046AD
1014,3351,192.168.144.33,001B_448B_41D8_6CD3.,E0BE034FD383
1015,3351,192.168.144.24,001B_448B_41D8_42A8.,E0BE034FD3F9
1016,8251,192.168.1.209,AA000000000000002310,645106373C30
1017,3351,192.168.144.41,001B_448B_41D8_6E5E.,E0BE034FD950
1018,1351,192.168.1.113,WD-WCC6Y0LECJHA,1CA0B879861D
1019,3351,192.168.144.14,001B_448B_41D9_F7A5.,E0BE034FD96C
1020,4551,20.20.1.70,AA00000000002937,00E01B11426A
1021,3351,192.168.144.21,0025_3888_11B9_9FB3.,E0BE034FD954
1022,3351,192.168.144.19,0025_3888_11B9_9C60.,E0BE034FD177
1023,5152,192.168.102.88,0000_0000_0000_0000_0000_0000_0000_0001.,7C575837018F
1024,3351,192.168.144.20,0025_3888_11B9_9DB9.,E0BE034FD6C7
1025,4151,10.10.12.28,6RA1S93C,00248199C515
1026,3351,192.168.144.71,001B_448B_41D9_F245.,E0BE034FD967
1027,3351,192.168.144.39,001B_448B_41D8_458B.,E0BE034FD169
1028,3351,192.168.144.22,001B_448B_41D8_45F7.,E0BE034FD17D
1029,4451,192.168.10.194,WD-WXD2A63CNCPJ,F020FF67EB02
1030,8251,192.168.1.214,AA000000000000000101,C4346B76F3B6
1031,6451,192.168.1.75,HBSE23300100911     _00000001.,3822E2288985
1032,3351,192.168.144.18,0025_3888_11B7_858E.,E0BE034FD3D7
1033,1351,192.168.1.134,WD-WCC6Y1HXYDCY,1CA0B878C6C2
1034,1351,192.168.1.106,ZN15TBPL,1CA0B8801F03
1035,3351,192.168.144.23,0025_3888_11B9_A0FF.,E0BE034FD511
1036,4251,192.168.168.126,2020202057202d44435732435445365036303639,C81F6639CB7D
1037,1351,192.168.1.117,WD-WCC6Y6PAETKD,1CA0B8773E76
1038,1351,192.168.1.121,WD-WCC6Y2KT7L2H,1CA0B8792D7E
1039,8351,192.168.29.251,9VMWQD83,6C626D9F104A
1040,5152,192.168.102.247,6479_A76C_2F00_0DEB.,7C5758370119
1041,4251,192.168.168.125,WD-WCC2ETR89215,C81F6639D353
1042,8251,192.168.1.231,AA000000000000000071,6451062E1203
1043,5152,192.168.102.240,0000_0000_0000_0000_0000_0000_0000_0001.,7C5758370103
1044,8351,192.168.29.85,6VMYB2K8,001D7DBAAAC5
1045,1651,192.168.0.120,ZN10AFL5,E0D55E7BB807
1046,4451,192.168.10.171,WD-WXD2A633KL5C,F020FF6C8CC0
1047,4251,192.168.168.124,2020202057202d44435732435445374e34383932,C81F6639C910
1048,1551,172.17.0.135,ZN182128,6C4B9071B42E
1049,5152,192.168.102.184,0000_0000_0000_0000_0000_0000_0000_0001.,7C575837000E
1050,5152,192.168.103.126,6479_A76C_2F00_0D09.,7C5758370100
1051,1351,192.168.1.125,WD-WCC6Y6HEEZA9,1CA0B8791DF5
1052,6451,192.168.1.74,HBSE23300100874     _00000001.,3822E22783CF
1053,7351,192.168.2.102,ES1RH1023091645,00E01D9E479E
1054,1651,192.168.0.108,ZN10B59J,E0D55E7BBA41
1055,5152,192.168.103.0,0000_0000_0000_0000_0000_0000_0000_0001.,7C5758370038
1056,1351,192.168.1.124,WD-WCC6Y5JK6DRJ,1CA0B8791E72
1057,1351,192.168.1.137,ZN15VJKK,1CA0B8801EE8
1058,1651,192.168.0.126,ZN1D89K4,B42E99B19C71
1059,5152,192.168.56.1,0000_0000_0000_0000_0000_0000_0000_0001.,7C5758370134
1060,4451,192.168.10.214,WD-WXD2A633K9VE,F020FF6C9094
1061,6451,192.168.1.73,HBSE23300100909     _00000001.,3822E2278F4D
1062,6551,192.168.1.35,9VV6S7NW,6C626D92AFB8
1063,7351,192.168.2.119,9VVQ4RR7,70F3951AF0FF
1064,1551,172.17.0.136,WD-WCC6Y2HH0F19,6C4B906EEC32
1065,5152,192.168.56.1,6479_A76C_2F00_0AFF.,7C57583701F1
1066,5551,192.168.0.131,ES1RH1023103215,D8CB8A2CA460
1067,1651,192.168.0.145,ZN1D89LF,B42E99B4250D
1068,5152,192.168.103.51,0000_0000_0000_0000_0000_0000_0000_0001.,7C57583701E2
1069,5152,192.168.103.31,0000_0000_0000_0000_0000_0000_0000_0001.,7C575837010C
1070,1351,192.168.1.127,WD-WCC6Y6HEENSS,1CA0B8791DEB
1071,4251,192.168.168.127,WD-WCC2ETP50836,C81F6639D39B
1072,1351,192.168.1.139,WD-WCC6Y1ZK4TVN,1CA0B8792E33
1073,8351,192.168.29.230,WD-WMAV2JK08786,001D7DB7E8BC
1074,1651,192.168.0.113,ZN10B5KP,E0D55E7BBA44
1075,1351,192.168.1.140,WD-WCC6Y7UH0F7L,1CA0B8786D6C
1076,5551,192.168.0.122,ES1RH1023101001,4437E6D5BA09
1077,1351,192.168.1.126,WD-WCC6Y1HXY1D0,1CA0B878C641
1078,4251,192.168.168.128,WD-WCC2ETR86808,C81F6639D494
1079,1351,192.168.1.129,WD-WCC6Y0HRRL5X,1CA0B877FB07
1080,5551,192.168.0.127,ES1RH1023083905,D027888FF5DF
1081,5152,192.168.103.172,6479_A76C_2F00_16C4.,7C575837025D
1082,1552,192.168.1.116,ZN1649PG,EC5C6816273F
1083,1351,192.168.1.130,WD-WCC6Y6UDKCK4,1CA0B8794697
1084,5551,192.168.0.123,ES1RH1023065358,D8CB8A2CA5B9
1085,5551,192.168.0.129,ES1RH1023076050,90FBA68227E8
1086,1351,192.168.1.138,ZN14ABBV,1CA0B8804394
1087,4251,192.168.168.117,WD-WCC2ETN78442,C81F6639D0A9
1088,4551,20.20.1.67,25256G08202205887,0AE04CF3001D
1089,5152,192.168.102.177,0000_0000_0000_0000_0000_0000_0000_0001.,7C5758370013
1090,8351,192.168.29.109,Z3QXCIP0T,001FD04479CB
1091,4151,10.10.14.44,9VMFHYLM,B8AC6F26C7F2
1092,5152,192.168.103.52,6479_A76C_2F00_1710.,7C57583701C8
1093,1351,192.168.1.131,WD-WCC6Y0KS4FZT,1CA0B8786FA2
1094,1351,192.168.1.132,WD-WCC6Y2KT75KT,1CA0B8785545
1095,4151,10.10.12.24,9VT11LSV,002511C6E6EE
1096,4551,20.20.1.71,2220E630A4A2,0AE04CF3001F
1097,5152,192.168.103.80,6479_A76C_2F00_0F4A.,7C575836FE73
1098,8351,192.168.29.138,6VYB5X7N,001FD0B0DD72
1099,1651,192.168.0.119,ZN10B2BV,E0D55E7BC1B2
1100,5152,192.168.103.89,0000_0000_0000_0000_0000_0000_0000_0001.,7C575836FDCD
1101,6451,192.168.1.72,HBSE23300101716     _00000001.,3822E2288975
1102,8351,192.168.29.182,JPB440HJ1N7BRS,1078D2AA98CA
1103,5152,192.168.102.137,6479_A76C_2F00_12FA.,7C5758370150
1104,1351,192.168.1.135,WD-WCC6Y5JK62KK,1CA0B879294B
1105,1552,192.168.1.112,ZN16195G,EC5C68162351
1106,5152,192.168.103.205,6479_A76C_2F00_12F5.,7C5758370169
1107,1551,172.17.2.178,WD-WCC6Y2ZEDJZP,6C4B906EE84F
1108,1651,192.168.0.105,ZN1093LM,E0D55E7BB80F
1109,5551,192.168.0.124,ES1RH1023070279,90FBA682266B
1110,6451,192.168.1.71,HBSE23300101717     _00000001.,3822E228810E
1111,8351,192.168.29.139,6VYBP10P,001D7DB7E8B5
1112,6451,192.168.1.70,HBSE23300102390     _00000001.,3822E22888E2
1113,5152,192.168.103.226,6479_A76C_2F00_0DEA.,7C5758370121
1114,4251,192.168.168.122,WD-WCC2ETR89843,C81F6639D06E
1115,1651,192.168.0.104,ZN1D8EVR,B42E99B4250F
1116,1551,172.17.0.137,WD-WCC6Y1FPFCZ4,00D86149C71D
1117,1651,192.168.0.141,Z2A64C7Z,1C6F656E7837
1118,8351,192.168.29.134,5VH6LMWV,00241D67535A
1119,3151,10.7.1.26,0000_0000_0000_0001_00A0_7523_40DC_7DE6.,20881073606C
1120,4551,20.20.1.72,233038802177,D017C29C3EF5
1121,5551,192.168.0.125,ES1RH1023090077,507B9DAD0838
1122,3151,10.7.1.27,0000_0000_0000_0001_00A0_7523_40AA_D6BE.,2088107255D6
1123,5551,192.168.0.128,ES1RH1023103334,507B9DAD0F4D
1124,1651,192.168.0.131,ZN1D9W4Y,B42E99B40AB4
1125,5152,192.168.102.14,6479_A76C_2F00_0E79.,7C5758370066
1126,1551,172.17.0.139,Z9ATEY9D,6C4B9071B265
1127,6451,192.168.1.69,AA000000000000007631,3822E22888F5
1128,1651,192.168.0.3,ZN10B57C,E0D55E7BC2B4
1129,3151,10.7.1.28,0000_0000_0000_0001_00A0_7523_415A_0ACA.,20881071CE92
1130,5152,192.168.103.23,0000_0000_0000_0000_0000_0000_0000_0001.,7C575837001A
1131,3151,10.7.1.29,0000_0000_0000_0001_00A0_7523_40D6_2470.,20881070CBB2
1132,1651,192.168.0.107,ZN10AFXX,E0D55E7BC2B1
1133,5152,192.168.56.1,0000_0000_0000_0000_0000_0000_0000_0001.,0A0027000004
1134,1551,172.17.0.140,WD-WCC6Y4FFSFTD,00D86149C9BD
1135,5551,192.168.0.126,ES1RH1023108489,4437E6D5BA23
1136,6451,192.168.1.67,HBSE23300101746     _00000001.,3822E2288587
1137,5351,192.168.1.69,5,002324BC7E29
1138,5152,192.168.102.118,0000_0000_0000_0000_0000_0000_0000_0001.,7C5758370017
1139,5152,192.168.103.88,0000_0000_0000_0000_0000_0000_0000_0001.,7C5758370030
1140,5152,192.168.102.230,0000_0000_0000_0000_0000_0000_0000_0001.,7C575837000A
1141,3151,10.7.1.30,0000_0000_0000_0001_00A0_7523_415C_BA0C.,2088107256C0
1142,2151,192.168.11.2,AA000000000000001165,B083FE544CEC
1143,5152,192.168.102.26,6479_A76C_2F00_0F47.,7C575837019A
1144,5551,192.168.0.130,ES1RH1023104593,F8B156DB10FC
1145,1351,192.168.1.111,WD-WCC6Y6UDKARZ,1CA0B8791DE5
1146,1551,172.17.0.141,WD-WCC6Y5LVPK1T,6C4B9071B3F8
1147,3151,10.7.1.33,0000_0000_0000_0001_00A0_7523_415A_C378.,208810709D4C
1148,5152,192.168.103.221,6479_A76C_2F00_1672.,7C57583700F8
1149,5351,192.168.1.68,5,002324C080B2
1150,5152,192.168.102.31,0000_0000_0000_0000_0000_0000_0000_0001.,7C57583700CC
1151,5152,192.168.103.177,0000_0000_0000_0000_0000_0000_0000_0001.,7C575837016D
1152,3151,10.7.1.36,0000_0000_0000_0001_00A0_7523_415B_8B11.,2088107255AE
1153,3151,10.7.1.34,0000_0000_0000_0001_00A0_7523_415F_887C.,2088107099A0
1154,5152,192.168.103.142,0000_0000_0000_0000_0000_0000_0000_0001.,7C5758370083
1155,5451,192.168.0.220,AA000000000000001533,24BE05206DBC
1156,3151,10.7.1.37,0000_0000_0000_0001_00A0_7523_40C8_FB32.,20881070C869
1157,1651,192.168.0.101,ZN10AZBP,B42E99B4250B
1158,1551,172.17.0.142,WD-WCC6Y4KLJKUH,6C4B902CD27F
1159,4151,10.10.16.6,Z2ABW95X,00E04CDB0AC3
1160,3151,10.7.1.35,0000_0000_0000_0001_00A0_7523_415A_C38B.,208810709697
1161,5152,192.168.102.139,6479_A76C_2F00_1574.,7C57583701E9
1162,1551,172.17.0.143,WD-WCC6Y7YEZ5ES,6C4B9071B80D
1163,3151,10.7.1.38,0000_0000_0000_0001_00A0_7523_415A_091D.,208810725608
1164,5351,192.168.1.70,WCAV9Z164476,FC4DD43290CA
1165,5152,192.168.103.223,0000_0000_0000_0000_0000_0000_0000_0001.,7C575837007B
1166,3151,192.168.56.1,0000_0000_0000_0001_00A0_7523_415A_B44B.,20881071CEC2
1167,5152,192.168.102.214,6479_A76C_2F00_0F3E.,7C575837014F
1168,3151,10.7.1.39,0000_0000_0000_0001_00A0_7523_415A_C35A.,2088107255B2
1169,5152,192.168.103.227,6479_A76C_2F00_1588.,7C57583701C6
1170,3151,10.7.1.32,0000_0000_0000_0001_00A0_7523_415A_C379.,20881070F473
1171,6351,192.168.14.183,2149064202398,4CEBBD70F063
1172,3151,10.7.1.40,0000_0000_0000_0001_00A0_7523_40B0_8D08.,20881070F430
1173,5451,192.168.0.175,YS202010012131AA,ECB1D73AA575
1174,5152,192.168.103.99,6479_A76C_2F00_0F40.,7C575837014B
1175,3151,10.7.1.46,0000_0000_0000_0001_00A0_7523_40DC_8560.,208810736225
1176,3151,10.7.1.42,0000_0000_0000_0001_00A0_7523_415C_BA28.,20881070F2D8
1177,5152,192.168.102.59,0000_0000_0000_0000_0000_0000_0000_0001.,7C5758370041
1178,3151,10.7.1.47,0000_0000_0000_0001_00A0_7523_415B_8176.,2.09E+18
1179,5451,192.168.0.200,AA000000000000001532,A0D3C11A106A
1180,4251,192.168.168.133,WD-WCC2ETP61734,C81F6639C80C
1181,3151,10.7.1.44,0000_0000_0000_0001_00A0_7523_415A_0913.,20881071D3B7
1182,3151,10.7.1.43,0000_0000_0000_0001_00A0_7523_415F_8304.,20881070CC36
1183,3151,10.7.1.45,0000_0000_0000_0001_00A0_7523_415A_0A6D.,20881071CE88
1184,2251,10.168.0.129,KRN231205269,C8D3FFB58D3A
1185,3151,10.7.1.48,0000_0000_0000_0001_00A0_7523_415F_8892.,208810709C95
1186,5451,192.168.0.247,AA000000000000001627,B4B52FB4B983
1187,5152,192.168.102.194,6479_A76C_2F00_0B07.,7C5758370048
1188,2251,10.168.0.132,KRN231205260,A08CFDCA46D2
1189,1651,192.168.0.127,ZN10BVXH,E0D55E7BC200
1190,3151,10.7.1.49,0000_0000_0000_0001_00A0_7523_415A_A97C.,20881072564A
1191,3151,10.7.1.50,0000_0000_0000_0001_00A0_7523_40DC_7811.,208810709C27
1192,4151,10.10.12.1,2023082300927,00E04CB70E02
1193,3151,10.7.1.41,0000_0000_0000_0001_00A0_7523_415A_A96C.,20881070F53A
1194,1551,172.17.0.79,WD-WCC6Y2VT45DZ,6C4B902CD539
1195,5451,192.168.0.107,YS202010001683AA,A0D3C1216520
1196,4551,20.20.1.84,AA00000000016827,00E01B0A53BC
1197,5451,192.168.0.196,YS202010017992AA,40A8F058CAC4
1198,1651,192.168.0.147,ZN1093JT,E0D55E7BB806
1199,1651,192.168.0.122,ZN1093KL,E0D55E7BB595
1200,1651,192.168.0.106,Z2A85VM5,1C1B0D3F01B3
1201,6351,192.168.14.189,AA000000000000002510,4CEBBD70F069
1202,4251,192.168.168.136,WD-WCC2ETR83744,C81F6639D1DA
1203,1651,192.168.0.159,ZN1DC309,B42E99B42709
1204,4551,20.20.1.75,AA00000000003419,00E04C6810C1
1205,5351,192.168.1.73,S2ACA1N2,FC4DD42F8500
1206,5451,192.168.0.228,AA000000000000001555,2C41388E1C99
1207,1651,192.168.0.129,ZN1DC34Y,B42E99B40AB1
1208,5451,192.168.0.195,YS202010013081AA,40A8F058CAC1
1209,4251,192.168.168.141,WD-WCC2ETN77298,C81F6639C92E
1210,1651,192.168.0.114,ZN10B6WZ,E0D55E7BB97E
1211,5451,192.168.0.211,YS202010013316AA,480FCF5EF89B
1212,4251,192.168.168.143,WD-WCC2ETP60093,C81F6639D06C
1213,5451,192.168.0.132,AA000000000000001503,E839355A6554
1214,1651,192.168.0.137,Z2AXWMT3,1C1B0D3F01B6
1215,6451,192.168.1.66,HBSE23300101325     _00000001.,3822E22887C2
1216,4551,20.20.1.76,AA00000000009013,00E04E6B8D37
1217,5451,192.168.0.185,YS202010013299AA,40A8F051ED0D
1218,5451,192.168.0.213,AA000000000000001518,082E5F2F964D
1219,1651,192.168.0.109,ZN1DC2X0,B42E99B40AB8
1220,4251,192.168.168.131,WD-WCC2ETP60128,C81F6639D34C
1221,5451,192.168.0.221,YS202010020881AA,A0D3C10B7A88
1222,6451,192.168.1.65,HBSE23300101715     _00000001.,3822E2277A9E
1223,2151,192.168.11.74,AA000000000000002662,B083FE53DB7B
1224,5451,192.168.0.147,YS202010016867AA,5065F337303D
1225,5451,192.168.0.156,YS202010003962AA,A0481C9E9874
1226,6351,10.10.111.73,AA000000000000002512,E454E8D35D43
1227,6351,10.10.111.61,AA000000000000002723,E454E8D34DF1
1228,5451,192.168.0.167,YS202010013859AA,5065F31CDBBD
1229,5451,192.168.0.146,YS202010015597AA,64510639B32C
1230,2151,192.168.11.4,AA000000000000000980,B083FE5701C1
1231,6351,10.10.111.62,AA000000000000002460,E454E8D360F8
1232,6351,10.10.111.63,AA000000000000002718,E454E8D34DCB
1233,6351,10.10.111.64,AA000000000000002511,E454E8D36636
1234,6351,10.10.111.60,2149064202398,E454E8D35F65
1235,6451,192.168.1.45,HBSE23300101418     _00000001.,3822E22888F2
1236,5451,192.168.0.133,AA000000000000001309,3CD92B6B691F
1237,6351,10.10.111.65,AA000000000000002510,E454E8D35F7D
1238,6351,10.10.111.74,AA000000000000002712,E454E8D34DB6
1239,6351,10.10.111.66,0000_0000_0000_0000_00E0_4C14_EC23_6369.,40B0342C980A
1240,6351,10.10.111.67,AA000000000000001414,E454E8D17A6A
1241,2151,192.168.11.6,AA000000000000004189,B083FE994B47
1242,6351,10.10.111.68,AA000000000000001492,E454E8D35E55
1243,2151,192.168.11.5,AA000000000000004185,64006A37D528
1244,6351,10.10.111.72,AA000000000000001409,E454E8D35E95
1245,6351,10.10.111.79,AA000000000000002457,E454E8D3604E
1246,6351,10.10.111.71,AA000000000000002913,E454E8D35F7F
1247,6351,10.10.111.70,AA000000000000002779,E454E8D360B0
1248,6351,10.10.111.80,AA000000000000002735,E454E8DFA573
1249,6351,10.10.111.69,AA000000000000002911,E454E8D35079
1250,6351,10.10.111.76,AA000000000000002988,E454E8AF1408
1251,6351,10.10.111.75,AA000000000000001707,E454E8E27F7F
1252,6351,10.10.111.78,AA000000000000001499,E454E8D32F38
1253,6351,10.10.111.77,AA000000000000001394,E454E8D36068
1254,5451,192.168.0.174,YS202010004684AA,A0481C9A4364
1255,6351,10.10.111.90,AA000000000000003577,6C3BE519EABC
1256,6351,10.10.111.82,WD-WCC6Y2XEE4DU,E454E8D34D85
1257,6351,10.10.111.81,AA000000000000001818,E454E8D17225
1258,6351,10.10.111.83,S3T1F109,D8CB8A45C124
1259,2151,192.168.11.8,AA000000000000004015,B083FE7566A3
1260,5451,192.168.0.121,20060413092100003,2C4138BA7879
1261,5451,192.168.0.241,AA000000000000001820,B4B52FC11FDE
1262,2151,192.168.11.9,AA000000000000002658,B083FEB673F9
1263,2151,192.168.11.50,AA000000000000000942,64006A1C6944
1264,2151,192.168.11.209,AA000000000000001783,64006A37D39D
1265,2151,192.168.11.90,AA000000000000003670,B083FE705320
1266,5451,192.168.0.113,AA000000000000001881,082E5F309349
1267,2151,192.168.11.14,AA000000000000001245,B083FE544C08
1268,2151,192.168.11.12,AA000000000000002719,B083FE751AC1
1269,5451,192.168.0.194,AA000000000000001277,B4B52FAB2AD6
1270,5451,192.168.0.184,YS202010013108AA,ECB1D75113B8
1271,1651,192.168.0.143,ZN10B0BY,E0D55E7BBA48
1272,5451,192.168.0.224,YS202010002334AA,A0D3C107CC9C
1273,2151,192.168.11.15,AA000000000000001777,64006A18FB9B
1274,5451,192.168.0.163,YS202010002256AA,5065F31E6C4D
1275,2151,192.168.11.16,AA000000000000002578,F8BC12817D5F
1276,2151,192.168.11.138,AA000000000000004256,B083FEB66C87
1277,6451,192.168.1.92,HBSE23300101419     _00000001.,3822E21FC799
1278,2151,192.168.11.140,AA000000000000003595,F8BC129FEF35
1279,2151,192.168.11.139,AA000000000000001244,64006A37D187
1280,1651,192.168.0.115,W2A9XSPJ,1C1B0D3F01F3
1281,2151,192.168.11.89,AA000000000000002066,B083FE74AE7F
1282,2151,192.168.11.92,AA000000000000007000,B083FE74B2E0
1283,2151,192.168.11.112,AA000000000000006784,64006A0606F2
1284,6451,192.168.1.76,HBSE23300101719     _00000001.,3822E228898C
1285,2151,192.168.11.141,AA000000000000000958,B083FE74B6E3
1286,2151,192.168.11.26,AA000000000000000974,B083FE64DC4A
1287,2151,192.168.11.142,AA000000000000003863,B083FEB66B8C
1288,2151,192.168.11.114,AA000000000000001727,64006A18F38C
1289,6451,192.168.1.93,HBSE23300101391     _00000001.,3822E228898B
1290,2151,192.168.11.144,AA000000000000001285,B083FE544C5B
1291,2151,192.168.11.32,AA000000000000000959,B083FEA9AB63
1292,2151,192.168.11.145,AA000000000000003656,B083FE74B8F6
1293,2151,192.168.11.39,AA000000000000001171,B083FE544C5A
1294,2151,192.168.11.38,AA000000000000002061,F8BC12A219A3
1295,2151,192.168.11.34,AA000000000000003575,B083FE751D33
1296,2151,192.168.11.93,AA000000000000004229,B083FE70AF2E
1297,6451,192.168.1.64,HBSE23300101386     _00000001.,3822E22888F8
1298,2151,192.168.11.218,AA000000000000003685,B083FEB62990
1299,2151,192.168.11.95,AA000000000000004074,64006A3733E6
1300,2151,192.168.11.220,AA000000000000003661,B083FE74BC63
1301,2151,192.168.11.221,AA000000000000007477,B083FE759594
1302,2151,192.168.11.45,AA000000000000004012,B083FE994768
1303,2151,192.168.11.47,AA000000000000000891,B083FE75965D
1304,2151,192.168.11.46,AA000000000000004004,B083FE70DCD8
1305,2151,192.168.11.94,AA000000000000006293,F48E3890BB55
1306,2151,192.168.11.146,AA000000000000004028,B083FEA891C2
1307,2151,192.168.11.43,AA000000000000003710,B083FE70AFAF
1308,2151,192.168.11.53,AA000000000000004075,B083FE70DBA9
1309,2151,192.168.11.49,AA000000000000001148,64006A18FE18
1310,2151,192.168.11.59,AA000000000000003397,64006A37D64E
1311,2151,192.168.11.147,AA000000000000001173,64006A37D02D
1312,2151,192.168.11.61,AA000000000000003660,B083FE53B795
1313,2151,192.168.11.67,AA000000000000004190,B083FE9FB126
1314,2151,192.168.11.148,AA000000000000003541,64006A1987F2
1315,2151,192.168.11.63,AA000000000000001154,B083FEB666FE
1316,2151,192.168.11.97,AA000000000000004003,B083FEB512C2
1317,2151,192.168.11.64,AA000000000000001266,B083FE56DAD8
1318,2151,192.168.11.149,AA000000000000003428,B083FE70848F
1319,2151,192.168.11.78,AA000000000000001248,B083FE543A7B
1320,2151,192.168.11.65,AA000000000000003657,B083FEB51DB1
1321,2151,192.168.11.58,AA000000000000001287,B083FE74BC62
1322,2151,192.168.11.75,AA000000000000001280,B083FEAB6320
1323,2151,192.168.11.87,AA000000000000004214,B083FE994C66
1324,2151,192.168.11.96,AA000000000000004195,B083FE64DD49
1325,2151,192.168.11.66,AA000000000000005458,B083FE7564DD
1326,2151,192.168.11.91,AA000000000000003168,B083FE8DBE06
1327,2151,192.168.11.7,AA000000000000001246,F48E3890C33F
1328,2151,192.168.11.79,AA000000000000006276,B083FEA9E16E
1329,2151,192.168.11.151,AA000000000000003669,B083FEA9F708
1330,2151,192.168.11.152,AA000000000000002682,64006A065D86
1331,2151,192.168.11.153,AA000000000000001257,B083FE708B30
1332,2151,192.168.11.154,AA000000000000001674,F48E3873B111
1333,2151,192.168.11.155,AA000000000000008199,B083FE74B900
1334,2151,192.168.11.85,AA000000000000003567,B083FE91FC9A
1335,2151,192.168.11.82,AA000000000000008210,B083FE543565
1336,2151,192.168.11.10,AA000000000000000877,B083FE53C514
1337,2151,192.168.11.36,AA000000000000006795,B083FE759598
1338,2151,192.168.11.156,AA000000000000003568,64006A19001E
1339,3152,192.168.0.148,DW210923A02784,D85ED31EDCBA
1340,2151,192.168.11.29,AA000000000000001191,64006A37CDBE
1341,2151,192.168.11.55,AA000000000000000943,64006A1876B0
1342,2151,192.168.11.40,AA000000000000001228,64006A17F9BD
1343,2151,192.168.11.101,AA000000000000003580,B083FEA9F7C7
1344,2151,192.168.11.56,AA000000000000003707,64006A18FD6C
1345,3152,192.168.0.143,DW210923A03720,D85ED31ED278
1346,3251,192.168.2.129,2204V8522c501018,8C89A52C288E
1347,3251,192.168.2.119,2204V8522c501030,6C626D45FD0F
1348,3251,192.168.2.130,2204V8522c501019,D017C29AF4E0
1349,3152,192.168.0.141,DW210923A03693,D85ED31ED6F1
1350,3152,192.168.0.139,DW210923A03983,D85ED31EDB95
1351,3152,192.168.0.138,DW210923A03916,D85ED31F6484
1352,3251,192.168.2.105,ES1JU052346063,8C89A515A09E
1353,3152,192.168.0.133,9VMC9AM0,74D435D2DBFF
1354,3152,192.168.0.136,DW211008A05410,D85ED31F6457
1355,3152,192.168.0.135,STA0L7MB2LR0ZB,74D435D2D97D
1356,3152,192.168.0.134,DW211008A05333,D85ED31ED2A6
1357,3152,192.168.0.130,DW210923A03698,D85ED31ED6F4
1358,3152,192.168.0.112,DW210923A04483,D85ED31ED70B
1359,3152,192.168.0.129,DW210923A02714,D85ED31ED232
1360,3152,192.168.0.111,DW211008A05398,D85ED31ED267
1361,3152,192.168.0.124,DW210923A03575,D85ED31ED627
1362,3152,192.168.0.115,DW211008A04180,D85ED31ED683
1363,3152,192.168.0.125,DW210923A03432,D85ED31ED77E
1364,3152,192.168.0.127,DW210923A02790,D85ED31ED270
1365,3152,192.168.0.116,DW210923A04363,D85ED31ED62C
1366,3152,192.168.0.117,DW210923A02933,D85ED31ED6B9
1367,3152,192.168.0.123,DW210923A03853,D85ED31ED0B9
1368,3152,192.168.0.122,DW210923A04496,D85ED31F644F
1369,3152,192.168.0.137,WD-WCC4JLF9WCN7,74D435D2B834
1370,3152,192.168.0.121,DW210923A03009,D85ED31ED6D5
1371,3152,192.168.0.120,DW210923A03289,D85ED31F6543
1372,3152,192.168.0.132,WD-WCC4JAPTDPR1,74D435D2B8A0
1373,3152,192.168.0.119,DW210923A03919,D85ED31F648B
1374,3152,192.168.0.128,WD-WCC4JHRX0NJ0,74D435D2B82F
1375,3152,192.168.0.118,DW210923A02886,D85ED31EDC1D
1376,3152,192.168.0.126,WD-WCC4JHRX0UJ8,74D435D2B8A1
1377,3152,192.168.0.102,DW210923A02581,D85ED31ED43C
1378,3152,192.168.0.146,WD-WCC4JHRX0X4E,74D435D2B89B
1379,5351,192.168.1.18,YS202309684705HP,002324F6BDF8
1380,5351,192.168.1.78,23728,D02788E892B8
1381,1552,192.168.1.122,ZN161KP6,A4FC776B17E1
1382,1552,192.168.1.121,ZN163GN4,A4FC776BC25B
1383,1552,192.168.1.103,ZN161JYT,EC5C68158175
1384,4451,192.168.10.133,WD-WXD2A635SHXJ,F020FF6B48F6
1385,1552,192.168.1.118,ZN164A2W,A4FC776B137B
1386,1552,192.168.1.109,ZN1618J8,EC5C68162777
1387,4451,192.168.10.167,WD-WXD2A63CN842,F020FF632B9E
1388,1552,192.168.1.115,ZN16317K,EC5C68156B63
1389,1552,192.168.1.102,ZN16327C,EC5C68157665
1390,1552,192.168.1.131,ZN161LX7,A4FC776B1379
1391,4451,192.168.10.75,WD-WXD2A635S17L,F020FF63A8F3
1392,4551,20.20.1.92,AA00000000008207,00E04C680591
1393,1552,192.168.1.107,ZN163M7Q,EC5C68161E03
1394,1552,192.168.1.125,ZN16495E,EC5C681620E3
1395,1552,192.168.1.119,ZN1618KR,A4FC776BBFFB
1396,1552,192.168.1.104,ZN161L6J,A4FC776A8C81
1397,7651,192.168.100.179,FX256STD112206739,0AE0AFF706C2
1398,1552,192.168.1.129,ZN161MG0,A4FC776AAF19
1399,7651,192.168.100.184,FX256STD112206726,0AE0AFA428E4
1400,1552,192.168.1.106,ZN1648LP,A4FC776B0719
1401,7651,192.168.100.178,FX256STD112206740,0AE0AFF40956
1402,6351,10.10.111.84,AA000000000000002256,4437E6A2E6B6
1403,1551,172.17.2.17,WD-WCC6Y2EH6P0P,6C4B904C976D
1404,7651,192.168.100.163,5VVX6QN4,0AE0AFF409BF
1405,6351,10.10.111.85,0401700de16ca1380b8b,4437E6A2E68B
1406,7651,192.168.100.185,5EA1690411261929432,0AE0AFA00E7C
1407,7651,192.168.100.180,FX256STD112206738,0AE0AFA70A4C
1408,6351,10.10.111.86,Z2AT8Y8D,4437E6A36633
1409,7651,192.168.100.104,FX256STD112206710,0AE0AFA428E3
1410,7651,192.168.100.198,142ABEAA10180838197,0AE0AFA82974
1411,1551,172.17.2.132,WD-WCC2E1KJZDKD,6C4B9036B13D
1412,7651,192.168.100.181,FX256STD112206711,0AE0AFF706C0
1413,7651,192.168.100.196,FX256STD112206722,0AE0AFA62B65
1414,7651,192.168.100.194,142ABEAA10180945464,0AE0AFA428E1
1415,1552,192.168.1.133,785LTP6WT,68B9D305C058
1416,1552,192.168.1.126,ZN161MNG,EC5C681568DF
1417,1551,172.17.2.124,WD-WCC2E0YU54ZE,6C4B9071B483
1418,7151,192.168.0.119,88R564PNS,94C69154DACC
1419,1651,192.168.0.138,5VMP9XZJ,1C1B0D3F003B
1420,1552,192.168.1.105,ZN161A3G,A4FC776B147D
1421,1552,192.168.1.114,ZN161KQ7,EC5C681579C3
1422,1552,192.168.1.110,ZN16472M,A4FC776BA9D3
1423,1552,192.168.1.117,19OS4AZMS,EC5C68156BA7
1424,1552,192.168.1.108,ZN161N0F,A4FC776A600F
1425,7551,192.168.0.236,ST256233510861,D43D7E1DE06A
1426,2151,192.168.11.187,AA000000000000003715,B083FE53D082
1427,7551,192.168.0.243,ST256233514845,7427EAC8A079
1428,2151,192.168.11.188,AA000000000000003682,B083FE70AB81
1429,6151,172.16.1.198,WD-WCC6Y7RLT7FS,6C4B906EDC68
1430,6451,192.168.1.10,HBSE23300102305     _00000001.,3822E2288115
1431,6151,10.1.3.34,WD-WCC6Y2XJTE2K,F46B8CC65D5F
1432,6151,172.16.1.33,WD-WCC6Y3DDCHL8,6C4B9071A6EC
1433,6151,172.16.3.26,WD-WCC6Y4FK2EUF,6C4B9071AD15
1434,6151,172.16.1.65,W9AGEWKX,1CA0B87CB733
1435,2151,192.168.11.190,AA000000000000002041,64006A19D887
1436,6151,172.16.1.68,W9AGG4NC,1CA0B87C788C
1437,2151,192.168.11.184,AA000000000000008195,B083FEB66833
1438,6451,192.168.1.90,AA000000000000007928,3822E2278631
1439,4251,192.168.168.179,WA40C6NJ,F48E38874A5F
1440,4251,192.168.168.178,Z9901KP0,F48E387A6588
1441,4251,192.168.168.180,WA40C6ZG,F48E38874A80
1442,6451,192.168.1.80,ZN1E1PCH,3822E2278EEC
1443,6151,172.16.1.177,WD-WCC6Y4UZRAZV,6C4B9071A6F1
1444,4251,192.168.168.181,ZA40D20E,F8BC12FFFA33
1445,6151,172.16.1.191,WD-WCC6Y1EV88RF,6C4B9071A719
1446,4251,192.168.168.187,WA40BMRX,F48E387C8B75
1447,4551,20.20.1.101,AA00000000010808,7CC2C647C670
1448,7551,192.168.0.235,AA20230104128G001908,D43D7E69B21F
1449,4251,192.168.168.182,ZA40DASD,F48E387A658F
1450,7551,192.168.0.249,GX2560423167595GVC30,D43D7EA499A6
1451,7551,192.168.0.71,GX2560423160101GVC30,D43D7E648F46
1452,4251,192.168.168.189,Z9901Z5N,F8BC12FFFE50
1453,4251,192.168.168.188,WA40BQD7,F48E3887A7BC
1454,2151,192.168.11.177,AA000000000000003687,B083FE56E9E7
1455,7551,192.168.0.66,GX2560423167532GVC30,D43D7ECD87A4
1456,7551,192.168.0.239,YS202210067700000793,D43D7EA49BCB
1457,7551,192.168.0.68,STDG0523256NT18409,D43D7E174E2D
1458,4251,192.168.168.190,WA40BRG8,F48E387C8CC3
1459,7551,192.168.0.2,GX2560423160944GVC30,D43D7EC79AD6
1460,7551,192.168.0.248,GX2560423173982GVC30,C03FD537B69F
1461,2151,192.168.11.158,AA000000000000000973,B083FE74B710
1462,7551,192.168.0.250,GX2560423160912GVC30,D43D7E5A7F9B
1463,7551,192.168.0.244,GX2560423164166GVC30,D43D7E657098
1464,7551,192.168.0.82,GX2560423173973GVC30,D8CB8A91870E
1465,2151,192.168.11.180,AA000000000000004264,B083FEA1B1F9
1466,7551,192.168.0.237,STDG0523256NT19649,D43D7EA1D9EC
1467,6151,172.16.1.77,W9AGG4F1,1CA0B87CB7F3
1468,7551,192.168.0.241,STDG0523256NT19348,7427EACF3D1C
1469,2151,192.168.11.173,AA000000000000002647,B083FEA9A45B
1470,7551,192.168.0.222,ES1RH1023085880,D8CB8A9197A7
1471,7551,192.168.0.242,STDG0523256NT18408,D43D7ED26E53
1472,4251,192.168.168.185,Z9901RSS,F48E387A5ABA
1473,4251,192.168.168.186,WA40BQM5,F48E387D09BE
1474,2151,192.168.11.181,AA000000000000005674,B083FE64DC27
1475,6151,172.16.2.210,Z9AB970B,70208400BEF1
1476,4251,192.168.168.184,ZA40D1ZF,F48E387A6520
1477,4251,192.168.168.183,WA40BTJX,F48E387BCFB4
1478,2151,192.168.11.170,AA000000000000000968,64006A1807D2
1479,7551,192.168.0.247,STDG0523256NT19650,448A5B0BCEF1
1480,4251,192.168.168.193,WA40BRB3,F48E387BD2A5
1481,4251,192.168.168.192,WA40C87M,F48E38876F5A
1482,4251,192.168.168.191,Z9901RX4,F48E387A5841
1483,2151,192.168.11.168,AA000000000000008241,F8BC12A28E4C
1484,4251,192.168.168.201,WA40C60H,F48E38874FC2
1485,4251,192.168.168.202,Z9901RRS,F48E387A5877
1486,4251,192.168.168.211,WD-WXV1A88REZXR,6C4B908280E7
1487,6151,172.20.176.1,WD-WCC6Y4FK2EUF,00155DE1D2B1
1488,2151,192.168.11.126,AA000000000000003552,B083FEB67B75
1489,4251,192.168.168.194,Z9901PF1,F48E387A57E4
1490,4251,192.168.168.203,WA40C71A,F48E3887474C
1491,4251,192.168.168.195,ZA40D6E3,F48E387A6521
1492,4251,192.168.168.196,Z9901KQ8,F48E387A5AE8
1493,6151,172.16.1.124,WD-WCC6Y1YF0V70,6C4B90705F01
1494,4251,192.168.168.200,ZA40DAPX,F48E387A57DE
1495,4251,192.168.168.199,ZA40D1Y6,F48E387A658B
1496,4251,192.168.168.198,ZA40DNH8,F48E38798150
1497,4251,192.168.168.197,Z9901KPY,F48E387A57D6
1498,4251,192.168.168.204,Z9901SMC,F48E387A5A81
1499,4251,192.168.168.205,ZA40DNJG,F48E387A57F6
1500,4251,192.168.168.207,ZA40D1YT,F48E387A5ABD
1501,2151,192.168.11.156,AA000000000000002231,B083FEA9E35F
1502,4251,192.168.168.206,Z9901XMB,F48E387A57D7
1503,4251,192.168.168.208,Z2AJH7Q5,C81F6639D54B
1504,7651,192.168.100.199,140A9F8903271203565,0AE0AFA428E2
1505,6151,172.24.144.1,Z9ATJZ1J,00155D0BE4EE
1506,7451,192.168.1.78,9VT0RSEP,00E04C121311
1507,7551,192.168.0.245,ST256233513050,7427EACFDA7D
1508,5152,192.168.103.222,0000_0000_0000_0000_0000_0000_0000_0001.,7C5758370072
1509,6151,172.16.1.150,WD-WCC6Y1RFY55U,6C4B9071A6E7
1510,6151,172.16.1.202,WD-WCC6Y4FK2LT0,6C4B9071AEDC
1511,6151,172.16.1.151,WD-WCC6Y7LTR3LR,6C4B9071AF7F
1512,5451,192.168.0.213,YS202010003099AA,40A8F059693B
1513,6151,172.16.1.44,WD-WCC6Y4FK25JS,6C4B906EDC3B
1514,6151,172.16.1.157,WD-WCC6Y3XSX16S,F46B8CC61455
1515,4251,192.168.168.132,WD-WCC2ETN78429,C81F6639C910
1516,7551,192.168.0.121,YS20221009900080,6C3BE533C8E5
1517,5451,192.168.0.180,YS202010014842AA,DC4A3E85ECDE
1518,7151,192.168.0.189,WCC6Y2ZHN8S9,94C6915501D9
1519,7551,192.168.0.92,YS2022108800134,6C3BE5211E2D
1520,5451,192.168.0.136,YS202010004542AA,A0481C9A433E
1521,4251,192.168.168.130,WD-WCC2ETP60696,C81F6639CB7D
1522,6151,172.16.1.155,Z9ATJKHM,6C4B9071AA62
1523,6151,172.16.1.222,WD-WCC6Y0ZVEKJJ,6C4B906EDCEA
1524,7151,192.168.0.105,7N31512G13662,C4651622846D
1525,5451,192.168.0.158,YS202010019804AA,5065F31CDBB3
1526,7551,192.168.0.178,GX2560423173934GVC30,B4B52FD11C1B
1527,7151,192.168.0.179,WCC6Y3KEE7T5,94C69154E4B5
1528,5451,192.168.0.153,YS202010014154AA,5065F31CDBAF
1529,7151,192.168.0.188,WCC6Y7SVD8L1,94C69154DBEC
1530,4251,192.168.168.129,Z6E8CE1X,F8BC127F9E1D
1531,6151,172.16.1.156,WD-WCC6Y1RFY3XZ,6C4B905CAB0D
1532,5451,192.168.0.135,YS202010003175AA,DC4A3E8B0CFD
1533,7551,192.168.0.11,GX2560423174038GVC30,6C3BE52A7AF6
1534,7551,192.168.0.150,GX2560423174061GVC30,F0921CE29C27
1535,7151,192.168.0.117,88R73YBNS,94C69155019A
1536,7151,192.168.0.187,WCC6Y2ZHNC3R,94C69154DBEF
1537,5451,192.168.0.225,YS202010014594AA,9457A5EC4722
1538,5451,192.168.0.173,YS202010012862AA,A0481C9A4363
1539,7551,192.168.0.180,YS20221009900199,6C3BE52AD8EE
1540,7551,192.168.0.154,YS202210661821,6C3BE5334A1E
1541,6151,172.19.96.1,Z9ATEWTA,00155D27BC79
1542,5451,192.168.0.235,YS202010015068AA,3CD92B490613
1543,4251,192.168.168.137,Z6E8FAWJ,F8BC1256E914
1544,4251,192.168.168.138,WD-WCC2ETN78416,C81F6639D196
1545,7351,192.168.2.115,WD-WXG1A3879XE5,FC017C9B17B5
1546,7451,192.168.1.73,WD-WMAYUJ488106,00E04CB57A0B
1547,5451,192.168.0.185,AA000000000000001777,3CD92B7109D1
1548,5451,192.168.0.168,AA000000000000000972,3417EBAC5A0F
1549,7451,192.168.1.72,JPA030HL0ARHJD,00E04C525F84
1550,5551,192.168.0.101,ES1RH1023106494,F8BC12593FDA
1551,5451,192.168.0.195,YS202010007018AA,3417EBAC12C1
1552,6151,10.1.3.36,WD-WCC6Y6SLA0NH,F46B8CC61011
1553,5451,192.168.0.205,AA000000000000001109,3417EBB7806D
1554,6151,172.16.1.128,W9AGG4CP,1CA0B87C78FA
1555,6151,172.16.1.170,WD-WCC6Y4HET8N1,1C666D988ECA
1556,5451,192.168.0.120,YS202010009507AA,3417EBA593C4
1557,5451,192.168.0.245,YS202010001075AA,64006A05F8AA
1558,7551,192.168.0.13,GX2560423174063GVC30,D8CB8A9192DF
1559,5451,192.168.0.174,AA000000000000001328,989096AF47C8
1560,7551,192.168.0.163,YS2022108800076,6C3BE52A1F48
1561,5451,192.168.0.222,YS202010003087AA,3417EBC320E3
1562,5451,192.168.0.188,YS202010006993AA,C81F66417483
1563,5451,192.168.0.164,YS202010001384AA,989096B7FB3E
1564,7551,192.168.0.198,YS20221009900386,6C3BE533C8B0
1565,5451,192.168.0.182,YS202010008359AA,1866DA1CC0C8
1566,4251,192.168.168.119,WD-WCC2ETR89625,C81F6639D32E
1567,4251,192.168.168.108,WD-WCC2ETP60452,C81F6639D197
1568,4251,192.168.168.130,WD-WCC2ETN31125,C81F6639D498
1569,1551,172.17.0.95,WD-WCC6Y6FH8KAJ,6C4B901CAC01
1570,5451,192.168.0.177,YS202010009534AA,64006A44A967
1571,5451,192.168.0.226,YS202010009057AA,3417EBBB346F
1572,4251,192.168.168.145,Z2AFX31Q,D067E51A01C8
1573,5451,192.168.0.216,YS202010011119AA,3417EBB6A87C
1574,5451,192.168.0.183,YS202010008837AA,3417EBB22B6A
1575,5451,192.168.0.223,YS202010008282AA,989096A31EFA
1576,4251,192.168.168.106,Z6E8BZ90,F8BC128160BB
1577,5451,192.168.0.131,AA000000000000001087,3417EBB66EEF
1578,5451,192.168.0.142,YS202010009167AA,F8B156BE698F
1579,5451,192.168.0.125,YS202010009062AA,989096C53E11
1580,5451,192.168.0.141,YS202010009160AA,989096A87695
1581,5451,192.168.0.159,AA000000000000000988,64006A4110F5
1582,5451,192.168.0.178,YS202010009232AA,3417EBB4E727
1583,5451,192.168.0.208,YS202010004667AA,3417EBBB2B60
1584,5451,192.168.0.201,YS202010005066AA,3417EBBB344F
1585,5551,192.168.0.107,TMT15TVG2510807,F8B156D8D9E7
1586,5451,192.168.0.236,AA000000000000001084,3417EBBC3A46
1587,5451,192.168.0.185,YS202010001298AA,3417EBB24506
1588,8151,10.1.10.128,WD-WCAS29240293,4437E664ABF8
1589,1451,192.168.1.46,0000_0000_0000_0000_0000_0100_0000_0000.,D85ED3FD61D1
1590,8151,10.1.10.78,WD-WCAS2C265486,4437E66279B6
1591,1451,192.168.1.12,WD-WCC6Y0YP4PA8,D85ED367655D
1592,1451,192.168.1.105,WD-WCC6Y5YV2N9J,D85ED3675A4B
1593,1451,192.168.1.103,WD-WCC6Y3RJ3CP0,D85ED3675F58
1594,1451,192.168.1.115,88R4A3RMS,D85ED367599F
1595,1451,192.168.1.7,WD-WCC6Y5RV6YY1,D85ED3676524
1596,1451,192.168.1.8,WD-WCC6Y6EZ281D,D85ED36752EE
1597,8151,10.1.10.56,WD-WCAS2D976071,4437E655DB63
1598,8151,10.1.10.209,WD-WCAS2A892976,4437E62DE1DB
1599,1451,192.168.1.113,WD-WCC6Y6EZ2V2A,D85ED36757F9
1600,1451,192.168.1.106,ASAA23330107857,74563C8BE47A
1601,6151,172.16.5.50,W9AGG4BJ,24EE9A6EC89B
1602,1451,192.168.1.108,ASAA23330107855,74563C8BEEB0
1603,1451,192.168.1.11,ASAA23330107853,74563C8BE4B1
1604,5251,192.168.2.178,WD-WCC6Y0VNV3ZL,F4939FF70987
1605,1451,192.168.1.24,ASAA23330102656,74563C8BEEAA
1606,5251,192.168.2.176,WD-WCC6Y5JK699H,1CA0B8782581
1607,1451,192.168.1.10,ASAA23330107858,74563C8BE47F
1608,5251,192.168.2.173,WD-WCC6Y5HK7XZZ,F4939FF7085D
1609,1451,192.168.1.21,WD-WCC6Y2PPY672,D85ED36762B3
1610,1451,192.168.1.26,DWS2306P256G6561,38D547189550
1611,1451,192.168.1.16,0000_0000_0000_0000_0000_0100_0000_0000.,D85ED3FD6237
1612,1451,192.168.1.17,WD-WCC6Y6RESFNP,D85ED3676573
1613,1451,192.168.1.19,87RMRAXNS,D85ED367598C
1614,1451,192.168.1.20,87RMG87NS,D85ED367574A
1615,1451,192.168.1.15,WD-WCC6Y7CT2ZYA,D85ED36752DE
1616,1451,192.168.1.14,WD-WCC6Y3CV438D,D85ED3675997
1617,1451,192.168.1.13,WD-WCC6Y4NNLTHX,D85ED3675714
1618,1451,192.168.56.1,WD-WCC6Y4JXFF85,48BA4E574D87
1619,6151,172.16.1.201,WD-WCC6Y7RLT0ZX,6C4B9071B362
1620,6151,172.16.1.146,WD-WCC6Y1RFYXXC,6C4B9071B21F
1621,1451,192.168.1.29,WD-WCC6Y3JLCZSV,48BA4E56FB6A
1622,1451,192.168.1.80,WD-WCC6Y4JXFN4R,48BA4E574D4B
1623,5551,192.168.0.106,TMT15TVG2510806,F8B156DFF394
1624,1451,192.168.1.9,WD-WCC6Y3JLC9PK,48BA4E56FD60
1625,1451,192.168.1.74,WD-WCC6Y3LXUC6K,48BA4E56FD61
1626,1451,192.168.187.1,WD-WCC6Y7SHL1LV,48BA4E56FCE2
1627,5551,192.168.0.109,TMT15TVG2510846,F8B156C2BEAA
1628,1451,192.168.137.1,WD-WCC6Y5NX8UFJ,48BA4E574E34
1629,5551,192.168.0.134,WD-WCC2E6SYS5C1,989096DECDC1
1630,4251,192.168.168.121,WD-WCC2ETP60653,C81F6639D3D9
1631,4251,192.168.168.109,WD-WCC2ETR89865,C81F6639B87E
1632,6351,10.10.111.88,AA000000000000002035,4437E6A2E69E
1633,6351,10.10.111.87,AA000000000000002515,6C3BE5244219
1634,6351,10.10.111.89,WD-WCC2EMH42846,4437E6A36CB5
1635,6351,10.10.111.96,202020202020504a353132375246503233334b56,10604B88EE14
1636,6351,10.10.111.85,AA000000000000004746,4437E6A2E68B
1637,6351,10.10.111.93,JP1572FR2JN2XK,6C3BE519EA5C
1638,4251,192.168.168.140,WD-WCC2ETR80156,C81F6639D3CD
1639,6351,10.10.111.91,202020202020504a3531323752464d32424e4b58,78ACC09E11DA
1640,8251,192.168.1.216,KRN231130926,6C0B844501E3
1641,8251,192.168.1.229,THBB13TVG2505539,6C0B846CB586
1642,5251,192.168.2.201,S2A1JTZ1,8C89A53CCDDA
1643,6151,172.16.2.189,Z9ATJKB7,6C4B9071A7BC
1644,6151,172.16.0.125,WD-WCC6Y1EV8JAR,6C4B9071A703
1645,6151,172.16.1.152,WD-WCC6Y3ADR9U6,6C4B9071A6E9