student_id,trial,passageA,passageB
1051001,100,100,100
3151601973,90,90,90
3151601974,90,90,90
1651500863,90,90,90
1651500858,90,90,90
1651500862,90,90,90
3151601975,90,90,90
1651500856,90,90,90
1651500857,100,100,90
1651500854,90,90,90
1651500853,90,90,90
1651500852,90,90,90
1651500861,90,90,90
1651500851,90,90,90
1651500860,90,90,90
1651500850,90,90,90
1651500866,90,90,90
1651500867,90,90,90
1651500865,90,90,90
1151500142,90,90,90
3351602425,90,90,90
1651500864,90,90,90
3351602427,90,90,90
3351602431,90,90,90
3351602426,90,90,90
4451001,70,0,0
3351602434,90,90,90
3351602430,90,90,90
3351602435,90,90,90
3351602433,90,90,90
3351602432,90,90,90
3351602440,90,90,90
3351602436,90,90,90
3351602439,90,90,90
3351602437,90,90,90
3351602428,90,90,90
3351602438,90,90,90
1151600153,90,90,90
1151600154,90,90,90
3351602429,90,90,90
6551605867,90,90,90
4351603648,90,90,90
6551605871,90,90,90
6551605874,90,90,90
6551605866,90,90,90
1551001,100,0,0
6351605704,90,90,90
6351605694,90,90,90
6351605701,90,90,90
6351605695,90,90,90
4351603647,90,90,90
6551605873,90,90,90
6551605875,90,90,90
6351605696,90,90,90
6351605700,100,90,100
6351605697,90,90,90
6351605705,90,90,90
6351605699,90,90,90
4351603646,90,90,90
6551605868,90,90,90
4351603653,90,90,90
4351603654,90,90,90
6351605702,90,90,90
6351605707,90,90,90
4351603655,90,90,90
4451603753,90,90,90
4351603627,90,90,90
3152602124,90,90,90
3152602127,90,90,90
3152602126,90,90,90
3152602130,90,90,90
3152602123,90,90,90
4351603628,90,90,90
3152602120,90,90,90
3152602122,90,90,90
4351603637,90,90,90
4351603629,90,90,90
4351603638,90,90,90
4351603640,90,90,90
4351603641,90,90,90
4351603613,90,90,90
4451603762,90,90,90
4351603615,90,90,90
4351603630,90,90,90
4451603758,90,90,90
4351603614,90,90,90
4351603612,90,90,90
3152602129,90,90,90
4451603756,90,90,90
4451603754,90,90,90
4451603774,90,90,90
3152602125,90,90,90
3152602121,90,90,90
4451603755,90,90,90
4451603772,100,90,100
4451603775,90,90,90
4351603645,90,90,90
4451603764,100,90,80
4451603776,90,90,90
4351603644,90,90,90
4451603769,100,90,100
4451503752,90,90,90
4451603767,90,90,90
4451503751,100,100,90
4451603757,90,90,90
4451603766,90,90,90
2151601061,90,90,90
3152602118,90,90,90
4451603773,100,90,90
4351603631,90,90,90
4451603770,90,90,90
4451603759,90,90,90
1151600155,90,90,90
4351603635,90,90,90
4351603632,90,90,90
4451603760,90,90,90
4451603763,90,90,90
4351603634,90,90,90
4351603633,90,90,90
2151601085,90,90,90
8151606850,90,90,90
4351603642,90,90,90
2151601060,90,90,90
2151601089,90,90,90
8151606863,90,90,90
8151606867,90,90,90
4451603768,90,90,90
4351603643,90,90,90
8151606849,90,90,90
8151606852,90,90,90
2151601087,90,90,90
8151606880,90,90,90
8151606862,90,90,90
8151606846,90,90,90
8151606872,90,90,90
8151606857,90,90,90
8151606847,90,90,90
8151606865,90,90,90
8151606859,90,90,90
8151606864,90,90,90
8151606878,90,90,90
8151606874,90,90,90
8151606860,90,90,90
4351603652,90,90,90
8151606855,90,90,90
8151606856,90,90,90
7251606486,90,90,90
8151606870,90,90,90
8151606877,90,90,90
8151606869,90,90,90
8151606873,90,90,90
2151601102,90,90,90
8151606871,90,90,90
4451603761,90,90,80
8151606854,90,90,90
8151606866,90,90,90
2151601090,90,90,90
2151601057,90,90,90
2151601080,90,90,90
2151601112,90,90,90
7251606487,90,90,90
2151601114,90,90,90
2151601110,90,90,90
2151601119,90,90,90
8351607216,90,90,90
5551605134,90,90,90
2151601113,90,90,90
4351603649,90,90,90
2151601081,90,90,90
2151601104,90,90,90
4351603650,90,90,90
2151601065,90,90,90
2151601066,90,90,90
6351605703,90,90,90
4351603622,90,90,90
7251606483,90,90,90
2151601059,90,90,90
7251606482,90,90,90
7251606481,90,90,90
2151601108,90,90,90
4351603651,90,90,90
8151606879,90,90,90
7251606478,90,90,90
2151601118,90,90,90
5251604536,90,90,90
2151601063,90,90,90
8351607239,90,90,90
7251606484,90,90,90
1351600416,90,90,90
5251604542,90,90,90
5251604535,90,90,90
5251604538,90,90,90
5251604530,90,90,90
5251604540,90,90,90
2151601067,90,90,90
4351603618,90,90,90
2151601069,90,90,90
1351600422,90,90,90
5251604547,100,90,100
5251604539,90,90,90
7251606475,90,90,90
5251604545,90,90,90
4351603617,90,90,90
7251606474,90,90,90
5251604546,90,90,90
2151601068,90,90,90
5251604537,90,90,90
5451605022,100,90,100
5451605015,100,90,100
5451605028,100,90,90
7151606292,90,90,90
1351600415,90,90,90
5451605027,100,90,100
5451605038,100,90,90
2151601109,90,90,90
5251604534,90,90,90
6552605959,90,90,90
6552605973,90,90,90
8351607243,90,90,90
6552605954,90,90,90
2151601100,90,90,90
1151500140,90,90,90
1151500130,90,90,90
2151601120,90,90,90
6552605955,90,90,90
6552605970,90,90,90
6552605968,90,90,90
1151500129,90,90,90
6552605963,90,90,90
6552605966,90,90,90
6552605976,90,90,90
5451605024,100,90,90
5451605040,100,90,90
5451605006,100,90,90
5451605021,100,90,90
1151500135,90,90,90
6552605962,90,90,90
6552605957,90,90,90
6552605969,90,90,90
6552605961,90,90,90
6552605967,90,90,90
1151500137,90,90,90
6552605972,90,90,90
5451605034,100,90,90
7151706310,90,90,90
6552605960,90,90,90
7151606287,90,90,90
2151601062,90,90,90
7151706309,90,90,90
7151606279,90,90,90
2151601064,90,90,90
6552605964,100,90,100
2151601070,100,90,90
5451605031,100,90,100
5451605023,100,90,100
1151500141,90,90,90
1151500134,90,90,90
1151500139,90,90,90
5251604533,90,90,90
1151500132,90,90,90
4351603620,90,90,90
6552605958,90,90,90
1151600149,90,90,90
1151500138,90,90,90
7151606280,90,90,90
1151500133,90,90,90
1151500144,90,90,90
4351603619,90,90,90
5451605019,100,90,100
5451605041,100,90,90
1351600420,90,90,90
5451605009,100,90,100
5251604532,90,90,90
4351603621,90,90,90
6552605965,90,90,90
6552605975,90,90,90
1151500143,90,90,90
7151606291,90,90,90
7151606299,100,90,100
1151500145,90,90,90
8351607233,90,90,90
5451605013,100,90,90
5451605007,100,90,90
5451605012,100,90,90
2151601099,90,90,90
1351600417,90,90,90
6552605956,90,90,90
7151606295,90,90,90
1151500131,90,90,90
2151601094,90,90,90
7151706316,90,90,90
7151706312,90,90,90
5451605037,100,90,100
7151606305,90,90,90
5451605017,100,90,100
1151500126,90,90,90
5451605016,100,90,90
5451605008,100,90,90
1351600410,90,90,90
1151500127,90,90,90
1151500125,90,90,90
7151606285,90,90,90
1151500123,90,90,90
1151500128,90,90,90
1151500122,90,90,90
7151606302,90,90,90
1151500121,90,90,90
2151601098,90,90,90
7151606304,90,90,90
5451605018,100,90,100
2151601092,90,90,90
7151606283,90,90,90
5451605014,100,90,100
1151500124,90,90,90
1351600421,90,90,90
1151500136,90,90,90
1151600148,90,90,90
7151606303,90,90,90
1151600147,90,90,90
4351603680,90,90,90
7151706317,90,90,90
7151606286,90,90,90
1351600414,90,90,90
4351603679,90,90,90
7151606294,90,90,90
7151706320,90,90,90
2151601086,90,90,90
7551606685,90,90,90
7551606686,90,90,90
1551500643,90,90,90
5451605035,100,90,90
7551606689,90,90,90
7151606298,90,90,90
4351603668,90,90,90
7551606688,90,90,90
5451605030,100,90,90
7551606681,90,90,90
2151601077,90,90,90
2151601082,90,90,90
1552600777,90,90,90
7551606679,90,90,90
7551606682,90,90,90
2151601075,90,90,90
4351603671,90,90,90
7151606284,90,90,90
4351603664,90,90,90
4351603673,90,90,90
2151601076,90,90,90
4351603667,90,90,90
1151600150,90,90,90
4351603674,90,90,90
2151601078,90,90,90
4351603675,90,90,90
4351603670,90,90,90
4351603623,90,90,90
4351603678,90,90,90
4351603676,90,90,90
1351600413,90,90,90
2151601088,90,90,90
7351606533,90,90,90
2151601084,90,90,90
4351603656,90,90,90
4351603657,90,90,90
4351603666,90,90,90
4351603677,90,90,90
5451605020,100,90,90
3151601978,90,90,90
7551606693,90,90,90
4351603626,90,90,90
4351603659,90,90,90
2151601073,90,90,90
4551603816,100,90,90
3151601979,90,90,90
7151606288,90,90,90
8351607224,90,90,90
4551603819,40,90,90
1551500636,90,90,90
4551603817,30,90,90
1551500635,90,90,90
1351600412,90,90,90
4351603662,90,90,90
4251603152,90,90,90
3151601968,90,90,90
4251603151,90,90,90
4551603818,90,90,90
4351603661,90,90,90
3151601980,90,90,90
4251603153,90,90,90
8351607235,90,90,90
4251603165,90,90,90
2151601097,90,90,90
4251603169,90,90,90
4251603150,90,90,90
4351603669,90,90,90
4251603155,90,90,90
4251603173,90,90,90
2351601796,100,90,100
4251603163,90,90,90
4251603148,90,90,90
4251603162,90,90,90
3151601981,90,90,90
4251603161,90,90,90
4251603158,90,90,90
3151601984,90,90,90
4251603171,90,90,90
8351607232,90,90,90
4251603174,90,90,90
4251603157,90,90,90
4251603167,90,90,90
4251603160,90,90,90
4251603175,90,90,90
4251603159,90,90,90
4351603660,90,90,90
6251605553,90,90,90
6251605575,90,90,90
1552600775,90,90,90
3151601986,90,90,90
5152604385,90,90,90
3151601982,90,90,90
6251605576,90,90,90
3151601976,90,90,90
6251605562,90,90,90
4251603170,90,90,90
6251605560,90,90,90
1552600774,90,90,90
5451605029,100,90,90
5351504606,90,90,90
6251605568,90,90,90
4151602775,90,90,90
6251605566,90,90,90
6251605574,90,90,90
5152604394,90,90,90
6251605577,90,90,90
5151603958,90,90,90
1552600771,90,90,90
6251605558,90,90,90
5151603966,90,90,90
3151601983,90,90,90
2351601812,100,90,100
5151603960,90,90,90
2151601074,90,90,90
5151603964,90,90,90
6251605578,90,90,90
5152604387,90,90,90
5152604389,90,90,90
1552600778,90,90,90
5151603969,90,90,90
4351603658,90,90,90
4151602773,90,90,90
6251605567,90,90,90
5151603970,90,90,90
5151603965,90,90,90
5151603971,90,90,90
5151603959,90,90,90
5151603961,90,90,90
5151603962,90,90,90
1552600787,90,90,90
5152604391,90,90,90
4251603149,90,90,90
5151603967,90,90,90
5151603963,90,90,90
6251605554,90,90,90
6251605555,90,90,90
6251605557,90,90,90
5151603974,90,90,90
5151603968,90,90,90
5152604393,90,90,90
4251603176,90,90,90
5152604388,90,90,90
4151602788,90,90,90
5152604392,90,90,90
5152604367,90,90,90
4251603177,90,90,90
4151602739,90,90,90
6251605564,90,90,90
1552600784,90,90,90
4151602840,90,90,90
4151602725,90,90,90
4151602731,90,90,90
4151602740,90,90,90
5152604369,90,90,90
4151602730,90,90,90
4151602837,90,90,90
4151602815,100,90,100
4151602741,90,90,90
4151602824,90,90,90
4151602834,90,90,90
4151602817,90,90,90
4151602738,90,90,90
4151602821,90,90,90
4151602790,90,90,90
3151601965,90,90,90
4151602772,90,90,90
4151602727,90,90,90
4151602827,90,90,90
4151602825,90,90,90
3151601987,90,90,90
4151602791,90,90,90
4151602743,90,90,90
4151602778,100,90,100
4151602789,90,90,90
4151602756,90,90,90
4151602836,90,90,90
4151602794,90,90,90
6251605569,90,90,90
4151602779,90,90,90
4151602810,90,90,90
4151602777,90,90,90
4151602760,90,90,90
4151602750,90,90,90
4151602734,90,90,90
4151602749,90,90,90
4151602807,90,90,90
4151602774,90,90,90
4151602758,90,90,90
4151602764,90,90,90
4151602833,90,90,90
5152604378,90,90,90
4151602732,90,90,90
4151602793,90,90,90
4151602729,90,90,90
4151602792,90,90,90
6251605552,90,90,90
4151602835,90,90,90
4151602783,90,90,90
4151602723,90,90,90
4151602722,90,90,90
3151601985,90,90,90
5152604366,90,90,90
4151602742,90,90,90
4151602804,90,90,90
4151602771,100,90,90
4151602830,90,90,90
4151602737,90,90,90
4151602785,90,90,90
5152604383,90,90,90
4151602795,90,90,90
4151602720,90,90,90
4151602763,90,90,90
6251605565,90,90,90
1551600668,90,90,90
4151602805,90,90,90
4151602733,90,90,90
5151603976,90,90,90
6251605559,90,90,90
4151602768,90,90,90
4151602818,90,90,90
4151602755,90,90,90
4151602819,90,90,90
4151602751,90,90,90
4151602754,90,90,90
1552600786,90,90,90
4151602826,90,90,90
4151602796,90,90,90
4151602816,90,90,90
4151602839,90,90,90
4151602809,90,90,90
4151602752,90,90,90
1552600781,90,90,90
3151601964,90,90,90
4151602762,90,90,90
4151602765,90,90,90
4151602803,90,90,90
4151602798,90,90,90
4151602747,90,90,90
4151602776,90,90,90
4151602761,90,90,90
4151602753,90,90,90
5152604380,90,90,90
4151602744,90,90,90
4151602769,90,90,90
8351607236,90,90,90
4151602786,90,90,90
5151603973,90,90,90
4151602784,90,90,90
5152604384,90,90,90
4151602780,90,90,90
4151602748,90,90,90
5152604396,90,90,90
6251605570,90,90,90
4151602813,90,90,90
4151602806,90,90,90
4151602838,90,90,90
5152604381,90,90,90
4151602808,90,90,90
4151602828,90,90,90
3151601966,90,90,90
5152704398,90,90,90
4151602802,90,90,90
5152604390,90,90,90
3151601970,90,90,90
1552600770,90,90,90
8351607248,90,90,90
5152604371,90,90,90
5152604368,90,90,90
4151602800,90,90,90
3151601997,90,90,90
4251603186,90,90,90
2351601793,20,90,90
4151602770,90,90,90
3151602005,90,90,90
3151602004,90,90,90
3151601996,90,90,90
3151601988,90,90,90
3151601999,90,90,90
3151601991,90,90,90
3151602000,90,90,90
3151602003,90,90,90
3151601995,90,90,90
1251600320,90,90,90
3151601992,90,90,90
3151601967,90,90,90
1251600319,90,90,90
2151601093,90,90,90
3151601993,90,90,90
3151601998,90,90,90
3151601994,90,90,90
3151602006,90,90,90
4151602811,90,90,90
3151602002,90,90,90
5351604607,90,90,90
4151602746,90,90,90
1251600324,90,90,90
5152604395,90,90,90
4151602799,90,90,90
1351600418,90,90,90
5351604608,90,90,90
5351604630,90,90,90
5152604375,90,90,90
4151602735,90,90,90
4551603825,90,90,90
4551603827,90,90,90
4551603820,90,90,90
4151602726,90,90,90
2151601111,90,90,90
5351604624,100,90,100
4251603191,90,90,90
5351604627,90,90,90
4251603181,90,90,90
5351604633,90,90,90
5152604376,90,90,90
5351604629,90,90,90
5351604638,90,90,90
1251600318,100,90,90
5351604609,90,90,90
5351604643,100,90,90
5351604615,90,90,90
4251603206,90,90,90
4251603185,90,90,90
1251600329,90,90,90
5351604631,90,90,90
4251603205,90,90,90
5351604628,90,90,90
5151603988,90,90,90
4251603179,90,90,90
5351604641,90,90,90
5151603989,90,90,90
4251603197,90,90,90
5152604397,90,90,90
4251603207,90,90,90
5351604614,90,90,90
4551603821,90,90,90
5351604625,90,90,90
4251603184,90,90,90
4251603178,90,90,90
3151601969,90,90,90
4251603188,90,90,90
5351604623,90,90,90
5351604637,90,90,90
1251600316,90,90,90
4551603823,90,90,90
5351604640,90,90,90
4251603202,90,90,90
5351604639,90,90,90
4251603187,90,90,90
4251603192,90,90,90
7551606680,90,90,90
5351604632,90,90,90
4251603203,90,90,90
4251603196,90,90,90
5351604642,90,90,90
1251600327,90,90,90
5151603977,90,90,90
5351604619,90,90,90
8351607219,90,90,90
1251600330,90,90,90
1251600328,90,90,90
4251603195,90,90,90
5351604618,90,90,90
4251603200,90,90,90
5151603983,90,90,90
1251600321,90,90,90
4251603199,90,90,90
3151602007,90,90,90
3151602001,90,90,90
5152604374,90,90,90
5351604621,90,90,90
4251603201,90,90,90
2351601788,100,90,100
1251600326,90,90,90
1251600323,90,90,90
1251600325,90,90,90
1251600322,90,90,90
8351607207,90,90,90
5351604626,90,90,90
1251600315,90,90,90
5152604373,90,90,90
4251603183,90,90,90
5351604613,90,90,90
4251603189,90,90,90
4251603198,90,90,90
5351504605,90,90,90
8351607226,90,90,90
1251600313,90,90,90
5151603991,90,90,90
5351604644,90,90,90
5151603985,90,90,90
1151600151,90,90,90
2151601071,90,90,90
5151603972,90,90,90
6251605551,90,90,90
5351604635,90,90,90
8351607220,90,90,90
5151603981,90,90,90
5351604634,90,90,90
5151603992,90,90,90
1251600314,90,90,90
4251603194,90,90,90
5152604377,90,90,90
5151603979,90,90,90
1251700331,90,90,90
5151603978,90,90,90
4151602832,90,90,90
5151603982,90,90,90
5151603980,90,90,90
5151603975,90,90,90
5351604610,90,90,90
3251502159,90,90,90
4251603193,90,90,90
5351604611,90,90,90
5151603986,90,90,90
5151603987,90,90,90
4551603828,90,90,90
5152604372,90,90,90
4151602767,90,90,90
5351604636,90,90,90
3251502161,90,90,90
3251502160,90,90,90
1552600773,90,90,90
4251603180,90,90,90
3251502162,90,90,90
4251603168,90,90,90
4551603826,90,90,90
3251502164,90,90,90
3251502165,90,90,90
3251502166,90,90,90
8351607229,90,90,90
5351604616,90,90,90
1552600767,90,90,90
8351607213,90,90,90
1552600782,90,90,90
1552600785,90,90,90
1451600452,90,90,90
1451600450,90,90,90
1451500435,90,90,90
2351601799,100,90,90
7651606727,100,100,90
4551603822,90,90,90
5351604620,90,90,90
1451600439,90,90,90
1451600448,90,90,90
1451600449,90,90,90
1451600454,90,90,90
1451600442,90,90,90
2351601775,100,90,100
1552600788,90,90,90
1552600779,90,90,90
3251602181,90,90,90
1151600152,90,90,90
8351607240,90,90,90
8351607204,90,90,90
3251602180,90,90,90
1451600438,90,90,90
1451600445,90,90,90
2151601058,90,90,90
1451600437,90,90,90
2351601811,20,90,90
8351607223,90,90,90
8351607231,90,90,90
8351607234,90,90,90
3251602182,90,90,90
1552600783,90,90,90
1451600447,90,90,90
7151706318,90,90,90
3251602184,90,90,90
1451500433,90,90,90
8351607212,90,90,90
1552600780,90,90,90
1451600453,90,90,90
3251502168,90,90,90
1551500644,90,90,90
1551600664,90,90,90
1551600663,90,90,90
8351607251,90,90,90
2351601792,100,90,100
3251602177,90,90,90
1552600772,90,90,90
1551600669,90,90,90
1552600768,90,90,90
5351604617,90,90,90
1551600662,90,90,90
4551603824,90,90,90
5351604612,90,90,90
3251602178,90,90,90
8351607242,90,90,90
8351607238,90,90,90
3251502167,90,90,90
1451500431,90,90,90
3251602176,90,90,90
3251502169,90,90,90
8351607214,90,90,90
1451500432,90,90,90
3251602175,90,90,90
3251502170,90,90,90
7651606723,100,100,90
8351607209,90,90,90
8351607247,90,90,90
8351607210,90,90,90
3251502171,90,90,90
8351607211,90,90,90
3251502163,90,90,90
1451600444,90,90,90
1552600776,90,90,90
3251502173,90,90,90
8351607237,90,90,90
3251502172,90,90,90
8351607249,90,90,90
8351607205,90,90,90
1551600657,90,90,90
8351607225,90,90,90
1451600440,90,90,90
1451600443,90,90,90
1451600446,90,90,90
1451600441,90,90,90
3251602174,90,90,90
8351607244,90,90,90
8351607250,90,90,90
4251603190,90,90,90
8351607241,90,90,90
2351601783,80,90,90
4151602781,90,90,90
8351607206,90,90,90
8351607227,90,90,90
1551500642,90,90,90
2351601815,100,90,90
7551606684,90,90,90
1551500633,90,90,90
2351601785,100,90,90
2351601780,100,90,90
8351607230,90,90,90
1451500434,90,90,90
1551600646,90,90,90
1551600655,90,90,90
1551600666,90,90,90
1551600661,90,90,90
1551600665,90,90,90
2351601794,90,90,100
1551600653,90,90,90
1551600667,90,90,90
2351601802,100,90,90
2351601819,100,90,90
2351601777,100,100,90
2351601820,100,90,90
2351601773,20,90,90
2251601444,90,90,90
2251601423,90,90,90
2251601422,90,90,90
2251601420,90,90,90
2251601402,90,90,90
2251601450,90,90,90
2251601421,90,90,90
2251601435,90,90,90
2251601415,90,90,90
2251601447,90,90,90
2251601431,90,90,90
2251601407,90,90,90
2251601446,90,90,90
2251601430,90,90,90
2251601429,90,90,90
2251601424,90,90,90
2251601403,90,90,90
2251601454,90,90,90
2251601399,90,90,90
2251601419,90,90,90
2251601449,90,90,90
2251601400,90,90,90
2251601408,90,90,90
2251601405,90,90,90
2251601425,100,90,100
2251601436,90,90,90
2251601437,90,90,90
2251601404,90,90,90
2251601439,90,90,90
2251601410,90,90,90
2251601401,100,90,100
2251601433,90,90,90
2251601457,90,90,90
2251601445,90,90,90
2251601443,90,90,90
2251601416,90,90,90
6451605778,90,90,90
2251601414,90,90,90
2251601427,90,90,90
8351607208,90,90,90
2251601453,90,90,90
6451605776,90,90,90
2251601451,90,90,90
2251601456,90,90,90
2251601411,90,90,90
2251601438,90,90,90
2251601442,90,90,90
2251601448,90,90,90
2251601440,90,90,90
2351601782,90,90,90
2351601781,100,90,90
2151601106,90,90,90
2351601772,100,90,90
2351601810,90,90,90
8251606982,90,90,90
8251606983,90,90,90
8251607000,90,90,90
8251606986,90,90,90
8251606981,90,90,90
8251606988,90,90,90
8251607002,90,90,90
8251606987,90,90,90
8251607003,90,90,90
8251607001,90,90,90
8251606996,90,90,90
8251606984,90,90,90
8251606995,90,90,90
8251606978,90,90,90
8251606997,90,90,90
8251606994,90,90,90
8251606993,90,90,90
8251606979,90,90,90
8251606998,90,90,90
2351601822,90,90,90
8251606977,90,90,90
8251606980,90,90,90
8251606976,90,90,90
8251606999,90,90,90
8251606991,90,90,90
8251606992,90,90,90
2351601813,100,90,90
2351601809,90,90,90
2351601809,90,90,90
2351601800,100,90,90
8251606990,90,90,90
2351601787,100,90,100
2351601795,100,90,90
6451605780,90,90,90
6451605775,90,90,90
6451605779,90,90,90
2351601791,90,90,90
6451605777,90,90,90
6451605771,90,90,90
2351601784,70,90,90
6451605768,90,90,90
2251601434,90,90,90
2351601779,50,90,90
2351601808,100,90,90
6552605971,90,90,90
2351601803,100,90,90
6451605767,90,90,90
6451605764,90,90,90
6151605385,90,90,90
6151605379,90,90,90
6151605377,90,90,90
6151605400,90,90,90
6151605389,90,90,90
6151605399,90,90,90
6151605386,90,90,90
6151605390,90,90,90
6151605398,90,90,90
6151605376,90,90,90
6151605381,90,90,90
6151605371,90,90,90
6151605372,90,90,90
6151605394,90,90,90
6151605374,90,90,90
6151605393,90,90,90
6151605397,90,90,90
6151605392,90,90,90
6151605395,90,90,90
6151605382,90,90,90
6151605402,100,90,90
6451605773,90,90,90
5152604386,90,90,90
6151605383,90,90,90
6451605772,90,90,90
7551606683,90,90,90
6151605380,90,90,90
6451605769,100,90,90
6451605766,90,90,90
2351601789,80,90,90
6151605404,90,90,90
6151605391,90,90,90
6151605405,90,90,90
6151605406,90,90,90
6151605387,100,90,90
5551605137,90,90,90
5551605142,90,90,90
5551605151,90,90,90
5551605135,90,90,90
5551605133,90,90,90
5551605149,90,90,90
5551605143,90,90,90
5551605148,90,90,90
2351601821,90,90,90
5551605136,90,90,90
5551605141,90,90,90
5551605150,90,90,90
5551605140,90,90,90
5551605153,90,90,90
5551605152,90,90,90
5551605139,90,90,90
5551605145,90,90,90
5551605138,90,90,90
5551605144,90,90,90
2351601805,60,90,90
5551605146,90,90,90
5551605147,90,90,90
2351601818,100,90,100
2351601786,90,90,90
2351601798,90,90,90
5551605162,90,90,90
5551605164,100,90,90
5551605163,90,90,90
5551605160,90,90,90
5551605155,90,90,90
5551605156,90,90,90
5551605161,90,90,90
5551605159,90,90,90
5551605157,90,90,90
5551605165,90,90,90
5551605158,90,90,90
6451605765,90,90,90
6451605774,90,90,90
2351601774,100,90,90
2351601806,20,80,90
2351601807,90,90,90
2351601807,90,90,90
1551600651,90,90,90
1551600648,90,90,90
1551600659,90,90,90
1551600652,90,90,90
1551600647,90,90,90
1551600656,90,90,90
1551600650,90,90,90
1551600660,90,90,90
1551600649,90,90,90
6551615879,90,90,90
6551615878,90,90,90
6551615877,90,90,90
6551615880,90,90,90
6551615883,90,90,90
6551615884,90,90,90
6551615881,90,90,90
2351601801,90,90,90
1551500638,90,90,90
1551500641,90,90,90
1551500645,90,90,90
1551500637,90,90,90
2351601804,90,90,90
3351612442,90,90,90
3351612454,90,90,90
3351612443,90,90,90
3351612445,90,90,90
3351612444,90,90,90
3351612455,90,90,90
3351612452,90,90,90
3351612453,90,90,90
3351612449,90,90,90
3351612441,90,90,90
3351612448,90,90,90
3351612447,90,90,90
7351616534,90,90,90
3351612446,90,90,90
3351612457,90,90,90
3351612450,90,90,90
3351612451,90,90,90
1651600873,90,90,90
1651600871,90,90,90
1651600870,90,90,90
3152612137,90,90,90
3152612136,90,90,90
3152612134,90,90,90
3152612135,90,90,90
3152612142,90,90,90
1651610880,90,90,90
3152612131,90,90,90
3152612141,90,90,90
3152612133,90,90,90
3152612139,90,90,90
6552615985,100,100,90
1651610881,90,90,90
6552615979,100,100,90
6552615984,100,100,90
6552615983,100,90,90
4351613696,90,90,90
3151612016,90,90,90
3152612138,90,90,90
4351613697,90,90,90
4151602820,90,90,90
3151612017,90,90,90
1651610878,90,90,90
4351613704,90,90,90
3151612013,90,90,90
1651610877,90,90,90
6552615987,100,100,90
5251604550,90,90,90
5251614558,90,90,90
5251614554,90,90,90
6552615986,100,100,90
4351613705,90,90,90
5251614557,90,90,90
5251614555,90,90,90
3251512186,90,90,90
5251614556,90,90,90
3251512188,90,90,90
3251612190,90,90,90
5251604551,90,90,90
4351613695,90,90,90
3251612191,90,90,90
8151616894,90,90,90
3251612189,90,90,90
8151616885,90,90,90
3251512185,90,90,90
4351613702,90,90,90
8151616888,90,90,90
8151616884,90,90,90
8151616883,90,90,90
8151616891,90,90,90
8151616890,90,90,90
8151616887,90,90,90
4351613703,90,90,90
8151616889,90,90,90
8151616886,90,90,90
8151616892,90,90,90
8151616881,90,90,90
3151612021,90,90,90
4351613706,90,90,90
3151612012,90,90,90
4351613700,90,90,90
2351601778,90,90,90
4351613681,90,90,90
3151612020,90,90,90
1651600875,90,90,90
6351615722,90,90,90
6351615716,90,90,90
6351615719,90,90,90
6351615717,90,90,90
3151612019,90,90,90
7151616351,90,90,90
7151616346,90,90,90
7151616344,90,90,90
7151616341,90,90,90
7151616349,90,90,90
7151616343,90,90,90
7151616352,90,90,90
8151616882,90,90,90
4351613682,90,90,90
3151612010,90,90,90
3151612009,90,90,90
7151616353,90,90,90
6351615718,90,90,90
3151612018,90,90,90
4351613701,90,90,90
8151616893,90,90,90
4351613683,90,90,90
7151616335,90,90,90
3151612011,90,90,90
4351613687,90,90,90
6351615715,90,90,90
6351615713,90,90,90
6351615712,90,90,90
1151610180,90,90,90
6351615714,90,90,90
6351615710,90,90,90
4551503831,90,90,90
4351613689,90,90,90
6351715723,90,90,90
4351613688,90,90,90
6351615708,90,90,90
6351615711,90,90,90
6351615720,90,90,90
1151610175,90,90,90
1151610167,90,90,90
1151610172,90,90,90
6351615709,90,90,90
1151610168,90,90,90
4351613685,90,90,90
1151600160,90,90,90
1151610173,90,90,90
1151600161,90,100,90
2351601776,90,90,90
1151610169,90,90,90
7151616333,90,90,90
4351613694,90,90,90
1151610174,90,90,90
1151600159,90,90,90
4451503784,90,90,90
4451513791,90,90,90
4451503783,90,90,90
1151600165,90,90,90
1151610166,90,90,90
1151600164,90,90,90
4451613801,90,90,90
1151600158,90,90,90
4351613691,90,90,90
4451503782,90,90,90
4451513793,90,90,90
1151600157,90,90,90
4351613693,90,90,90
1151600162,100,90,100
7151616326,90,90,90
4451503788,90,90,90
4451503786,90,90,90
1151600163,90,90,90
1151610171,90,90,90
7151616345,90,90,90
7151616354,90,90,90
4451503785,90,90,90
4451503787,90,90,90
7151616337,90,90,90
1651610879,90,90,90
1151610177,90,90,90
1151610170,90,90,90
7151616328,90,90,90
7151616336,90,90,90
4451503781,90,90,90
4451503777,90,90,90
4451503780,90,90,90
4451503779,90,90,90
7151616329,90,90,90
4351613692,90,90,90
5151614021,90,90,90
4451513798,90,90,90
4451503790,90,90,90
4451513797,90,90,90
4451513794,90,90,90
4551503830,90,90,90
4451513796,90,90,90
4451513795,60,90,90
7151616340,90,90,90
5151614017,90,90,90
7151616338,90,90,90
7151616330,90,90,90
4551503829,90,90,90
5151614020,90,90,90
5151614014,90,90,90
5151614010,90,90,90
5151614013,90,90,90
5151614016,90,90,90
5151614009,90,90,90
5151614023,90,90,90
5151614024,90,90,90
7151716357,90,90,90
5151614015,90,90,90
4451613799,90,90,90
4451613800,90,90,90
5151614019,90,90,90
5151614027,90,90,90
1552610806,90,90,90
1651510868,100,90,90
1651600876,90,90,90
4451513792,90,90,90
5151614018,90,90,90
1351610426,90,90,90
5151514001,90,90,90
1351610424,90,90,90
5151513996,90,90,90
5151513997,90,90,90
5151513999,90,90,90
5151514000,90,90,90
1351610425,90,90,90
5151503993,90,90,90
5151503995,90,90,90
5151514005,90,90,90
1651510869,90,90,90
5151514004,90,90,90
7251616492,100,90,90
5151514003,90,90,90
5151604008,90,90,90
7251616490,100,90,90
5151514002,90,90,90
5151514007,90,90,90
1552600789,90,90,90
7251616491,100,90,90
7251616493,100,90,90
1552610795,90,90,90
2151611150,90,90,90
1552610794,90,90,90
7251616494,100,90,90
7151616348,90,90,90
7251616488,100,90,90
6251615580,90,90,90
1552610796,90,90,90
6251615584,90,90,90
7551616700,100,100,100
7251616489,100,90,90
6251615583,90,90,90
7551616697,100,100,100
5152614414,90,90,90
6251615581,90,90,90
6251615582,90,90,90
1552610792,90,90,90
5152614405,90,90,90
5152614418,90,90,90
5152614409,90,90,90
5152614423,90,90,90
5152614412,90,90,90
5152614400,90,90,90
5152614411,90,90,90
5152614406,90,90,90
5152614401,90,90,90
5152614420,90,90,90
5152614417,90,90,90
5152614422,90,90,90
1552610809,90,90,90
6251615586,90,90,90
1552610800,90,90,90
5152614403,90,90,90
5152614402,90,90,90
5152614413,90,90,90
1552610805,90,90,90
5152614404,90,90,90
1552610798,90,90,90
1552610804,90,90,90
5152614421,90,90,90
1552610799,90,90,90
5152614408,90,90,90
5152614419,90,90,90
5152614410,90,90,90
1552610801,90,90,90
5152614399,100,100,100
7551616694,100,100,100
1552610807,90,90,90
1552610790,90,90,90
2151611152,90,90,90
1551610676,100,100,90
1551610677,90,90,90
1551610671,90,90,90
2151611141,90,90,90
1552610803,90,90,90
1552610810,90,90,90
1552610797,90,90,90
1551610679,90,90,90
1551610678,90,90,90
1551610672,90,90,90
1551610670,90,90,90
1552610791,90,90,90
1551610675,90,90,90
1552610808,90,90,90
2151611153,90,90,90
1551610673,90,90,90
1551610674,90,90,90
2151611143,90,90,90
2151611127,90,90,90
2151611129,90,90,90
2151611142,90,90,90
2151611130,90,90,90
2151611133,90,90,90
2151611121,90,90,90
2151611157,90,90,90
2151611144,90,90,90
2151611123,90,90,90
2151611149,90,90,90
2151611128,90,90,90
2151611151,90,90,90
2151611126,90,90,90
2151611124,90,90,90
6151615416,90,90,90
2151611148,90,90,90
2151611125,90,90,90
2151611122,90,90,90
6151615417,90,90,90
2151611147,90,90,90
2151611134,90,90,90
2151611140,90,90,90
2151611146,90,90,90
2151611154,90,90,90
6151615420,90,90,90
2151611136,90,90,90
6151615415,90,90,90
6451615791,90,90,90
7551616698,100,100,100
1552610793,90,90,90
7551616701,100,100,100
7551616695,100,100,100
2151611132,90,90,90
6151615411,90,90,90
1451510468,90,90,90
1451510462,90,90,90
6151615409,90,90,90
1451500458,90,90,90
1451510473,90,90,90
1451510467,100,90,100
6451615783,90,90,90
6451615790,90,90,90
6151615412,90,90,90
2151611156,90,90,90
5351514646,90,90,90
6151615407,90,90,90
6151615410,90,90,90
6451615793,90,90,90
6151615414,90,90,90
4251613251,90,90,90
4251613243,90,90,90
4251613257,90,90,90
4251613246,90,90,90
4251613258,90,90,90
4251613254,90,90,90
4251613240,90,90,90
4251613242,90,90,90
8351607255,90,90,90
4251613244,90,90,90
4251613252,90,90,90
4251613245,90,90,90
4251613256,90,90,90
6151615422,90,90,90
6451615788,90,90,90
5351614680,90,90,90
8351607278,90,90,90
5351614675,90,90,90
5351614673,90,90,90
5351614669,90,90,90
5351614670,90,90,90
5351614678,90,90,90
5351614664,90,90,90
6451615789,90,90,90
5351614677,90,90,90
5351614672,90,90,90
5351614679,90,90,90
8351607256,90,90,90
5351614667,90,90,90
5351614663,90,90,90
5351604651,90,90,90
4251613253,90,90,90
5351614665,90,90,90
8351617301,90,90,90
5351614666,90,90,90
6151615408,90,90,90
4251613249,90,90,90
6451615784,90,90,90
5351604652,90,90,90
6451615786,90,90,90
5351614668,90,90,90
6151615413,90,90,90
5152614407,90,90,90
4251613239,90,90,90
8351617292,90,90,90
5351614658,90,90,90
5351604649,90,90,90
1451510470,90,90,90
4251613238,90,90,90
5351614661,90,90,90
5351614660,90,90,90
5351614654,90,90,90
5351604653,90,90,90
5351614662,90,90,90
4251613255,90,90,90
5351614657,90,90,90
8351617300,90,90,90
5351614656,90,90,90
5351604650,90,90,90
5351614655,100,100,90
4251613250,90,90,90
8351607282,90,90,90
1251610332,90,90,90
1251610337,90,90,90
1251610333,90,90,90
5351604647,90,90,90
1251610336,90,90,90
5351614681,90,90,90
5351614671,90,90,90
5351614674,90,90,90
1251610335,90,90,90
1251610338,90,90,90
8351617303,90,90,90
1451610477,90,90,90
2151611138,90,90,90
8351617299,90,90,90
1451610474,90,90,90
6451615787,90,90,90
1451610475,90,90,90
8351617288,90,90,90
1451510465,90,90,90
1451510466,90,90,90
6251615579,90,90,90
8351607281,90,90,90
8351617298,90,90,90
1451510464,90,90,90
8351617297,90,90,90
1451510463,90,90,90
6151615419,90,90,90
8351607259,90,90,90
1451500455,90,90,90
1451500456,90,90,90
1451510469,90,90,90
1451510461,90,90,90
1451510460,90,90,90
8351607267,90,90,90
8351607273,90,90,90
8351607264,90,90,90
8351607270,90,90,90
8351607254,100,100,90
8351607279,90,90,90
8351607271,90,90,90
8351607284,90,90,90
8351607285,90,90,90
8351607277,100,90,100
8351607283,90,90,90
8351607261,90,90,90
8351617296,90,90,90
8351607262,90,90,90
8351607275,90,90,90
2351611823,100,90,90
8351617287,90,90,90
8351617290,90,90,90
8351617294,90,90,90
8351607272,90,90,90
8351607286,90,90,90
8351607269,90,90,90
8351607266,90,90,90
8351607263,90,90,90
8351617289,90,90,90
2251611506,90,90,90
2251611505,90,90,90
2251611503,90,90,90
2251611513,90,90,90
2251601461,90,90,90
2251611488,90,90,90
2251611485,90,90,90
2251601470,90,90,90
2251611494,90,90,90
2251611490,90,90,90
2251611483,90,90,90
2251611507,90,90,90
2251601464,90,90,90
2251611512,90,90,90
2251611477,90,90,90
2251601465,90,90,90
2251611481,90,90,90
2251611497,90,90,90
2251611514,90,90,90
2251601460,90,90,90
2251611493,90,90,90
2251611502,90,90,90
2251611504,90,90,90
2251601472,90,90,90
2251601459,90,90,90
2251611479,90,90,90
2251611491,100,100,100
2251601458,90,90,90
2251601468,90,90,90
2251611508,90,90,90
2251611498,90,90,90
2251611515,90,90,90
8351607280,90,90,90
8351607260,90,90,90
2251601466,90,90,90
2251611486,90,90,90
2251601471,90,90,90
4251613236,90,90,90
4251613227,90,90,90
2251611478,90,90,90
4251613223,90,90,90
4251613237,90,90,90
2251611500,90,90,90
4251603210,90,90,90
4251613219,90,90,90
4251613234,90,90,90
4251613229,90,90,90
4251613235,90,90,90
4251613224,90,90,90
4251613220,90,90,90
4251603215,90,90,90
2251611480,90,90,90
4251613225,90,90,90
4251603208,90,90,90
2251601467,90,90,90
4251613221,90,90,90
4251613232,90,90,90
4251603214,90,90,90
4251613226,90,90,90
2251611499,90,90,90
2251611501,90,90,90
4251613231,90,90,90
4251613228,90,90,90
8251617006,90,90,90
4251603217,90,90,90
4251603212,90,90,90
8251617008,90,90,90
8251617007,90,90,90
8251617005,90,90,90
4251603216,90,90,90
2251601463,90,90,90
2251601475,90,90,90
8351607265,90,90,90
8351607257,90,90,90
7651616735,100,100,90
7651616740,100,100,90
2351611831,90,90,90
7651616736,100,100,90
7651616738,100,100,90
2351611832,90,90,90
8351617295,90,90,90
4151612875,90,90,90
7651616737,100,100,90
4151612873,90,90,90
2351611824,90,90,90
2351611828,90,90,90
2351611826,90,90,90
4151612846,90,90,90
5551615192,90,90,90
5551615189,90,90,90
5551605168,90,90,90
5551605173,90,90,90
5551615193,90,90,90
4151612895,90,90,90
4151612848,90,90,90
5551605171,90,90,90
5551605174,90,90,90
5551615191,90,90,90
5551605176,90,90,90
4151612847,90,90,90
2351611825,90,90,90
5551615187,90,90,90
5551615197,90,90,90
5551605185,90,90,90
5551615186,90,90,90
5551615195,90,90,90
5551605170,90,90,90
5551605177,90,90,90
5551605178,90,90,90
5551605167,90,90,90
4151612880,90,90,90
4151612849,90,90,90
4151612901,90,90,90
4151612870,90,90,90
4151612882,90,90,90
4151612900,90,90,90
4151612881,90,90,90
4151612878,90,90,90
4151612858,90,90,90
5551605166,90,90,90
4151612854,90,90,90
5551615188,90,90,90
4151612853,90,90,90
4151612852,90,90,90
4151612898,90,90,90
4151612861,90,90,90
4151612896,100,100,90
5551605169,90,90,90
5551615196,90,90,90
4151612856,90,80,90
4151612883,90,90,90
4151612876,90,90,90
4151612894,90,90,90
4151612864,90,90,90
4151612874,90,90,90
5551605172,90,90,90
4151612862,90,90,90
5551605179,90,90,90
4151612889,90,90,90
5551605182,90,90,90
4151612857,90,90,90
4151612865,90,80,90
5551605175,90,90,90
5551605181,90,90,90
5551605183,90,90,90
4151612844,90,90,90
5551605180,90,90,90
4151612904,90,90,90
4151612867,90,90,90
4151612863,90,90,90
4151612841,100,100,90
4151612859,90,90,90
4151612868,90,90,90
4151612843,90,90,90
4151612842,90,90,90
4151612860,90,90,90
5551615190,100,100,100
2351611829,90,90,90
4151612845,90,90,90
4151612851,90,70,90
4151612879,90,90,90
5551615194,90,90,90
4151612869,90,90,90
4151612902,90,90,90
4151612890,70,90,90
4151612897,90,90,90
4151612892,90,90,90
4151612888,90,90,90
4151612877,90,90,90
4151612884,90,90,90
4151612887,90,80,90
6552615982,90,90,90
2351611834,90,90,90
4151612885,90,90,90
2351611830,90,90,90
4151612872,90,90,90
8351607228,90,90,90
4151602757,90,90,90
5451615049,90,90,90
5451615044,90,90,90
5451615045,90,90,90
5451615050,90,90,90
5451615047,90,90,90
5451615051,90,90,90
5451615046,90,90,90
5451615043,90,90,90
5451615053,90,90,90
7351626535,90,90,90
7351626536,90,90,90
7351626537,90,90,90
6351625735,90,90,90
6351625727,90,90,90
6351625728,90,90,90
6351625732,90,90,90
6351625731,90,90,90
6351625730,90,90,90
6351625729,90,90,90
4351623722,90,90,90
3351622472,90,90,90
4351623733,90,90,90
4351623725,90,90,90
3351622466,90,90,90
4351623726,90,90,90
4351623727,90,90,90
3351622470,90,90,90
4351623732,90,90,90
3351622468,90,90,90
4351623731,90,90,90
4351623723,90,90,90
6351625726,90,90,90
4351623729,90,90,90
3351622464,90,90,90
4351623728,90,90,90
3152622146,90,90,90
3152622150,90,90,90
3152622151,90,90,90
7651616741,90,90,90
3152622145,90,90,90
3351622465,90,90,90
3152622147,90,90,90
3152622152,90,90,90
6351625725,90,90,90
3351622467,90,90,90
3152622149,90,90,90
4351623730,90,90,90
4351623715,90,90,90
6551625887,90,90,90
6551625885,90,90,90
4351623710,90,90,90
6551625886,90,90,90
4351623714,90,90,90
4351623709,90,90,90
3152622148,90,90,90
4351623707,90,90,90
3351622469,90,90,90
3152622143,90,90,90
3351622463,90,90,90
6351625724,90,90,90
4351623721,90,90,90
1651520882,90,90,90
4351623712,90,90,90
3351622462,90,90,90
6351625733,90,90,90
4351623720,90,90,90
4351623717,90,90,90
3351622461,90,90,90
4351623711,90,90,90
1651520883,90,90,90
1552620827,90,90,90
1552620831,90,90,90
4351623719,90,90,90
3351522460,90,90,90
3351522459,90,90,90
3351522458,90,90,90
6251625588,90,90,90
6251625597,90,90,90
6251625592,90,90,90
6251625594,90,90,90
4351623713,90,90,90
2351621836,100,90,100
6251625589,90,90,90
3151622032,90,90,90
6251625595,90,90,90
6251625590,90,90,90
6251625591,90,90,90
3151622035,90,90,90
1552620816,90,90,90
3151622033,90,90,90
3151622034,90,90,90
6251625596,90,90,90
3151622036,90,90,90
3151622037,90,90,90
5151624041,90,90,90
3151622026,90,90,90
5151624040,90,90,90
6151625424,90,90,90
3151622023,90,90,90
6151625425,90,90,90
3151622038,90,90,90
6151625423,90,90,90
4351623718,90,90,90
1552620822,90,90,90
3151622039,90,90,90
3151622025,90,90,90
3151622031,90,90,90
6151625431,90,90,90
4451623811,90,90,90
6151625427,90,90,90
6151625434,100,90,100
1552620815,90,90,90
1552620820,90,90,90
1552620829,90,90,90
6151625430,90,90,90
3151622040,90,90,90
3151622041,90,90,90
4451523803,90,90,90
1552610811,90,90,90
4451623810,90,90,90
8151626897,90,90,90
3151622028,100,90,90
8151626899,90,90,90
1552620818,90,90,90
4451523807,90,90,90
8151626896,90,90,90
8151626901,90,90,90
1552620828,90,90,90
8151626898,90,90,90
1552620821,90,90,90
4451523806,90,90,90
8151626900,90,90,90
1552620825,90,90,90
4451513802,90,90,90
6151625429,90,90,90
4551523833,90,90,90
8151626902,90,90,90
6151625428,90,90,90
4451623812,90,90,90
5251624560,90,90,90
3251522197,90,90,90
4451523808,90,90,90
7151626369,90,90,90
5251624559,90,90,90
5251624561,90,90,90
4551523834,90,90,90
7151626376,90,90,90
3151622029,90,90,90
4451523804,90,90,90
7151626361,90,90,90
3251522192,90,90,90
3251522194,90,90,90
7151626379,90,90,90
7151626371,90,90,90
7151626370,90,90,90
7151626367,90,90,90
7151726388,90,90,90
7151626372,90,90,90
7151726387,90,90,90
7151626374,90,90,90
7151626365,90,90,90
3251522193,90,90,90
1552620819,90,90,90
7151726386,90,90,90
7151626381,90,90,90
3151622024,90,90,90
5251624562,100,90,90
3151622043,90,90,90
7151626366,90,90,90
8151626895,90,90,90
3151622046,90,90,90
3151622044,90,90,90
3151622042,90,90,90
7151626358,90,90,90
3251522198,90,90,90
7151626363,90,90,90
7151626378,90,90,90
3251622199,90,90,90
1151620186,90,90,90
1552620830,90,90,90
3251622200,90,90,90
7151726385,90,90,90
7151626360,90,90,90
7151626380,90,90,90
3251622202,90,90,90
7151726384,90,90,90
1151620185,90,90,90
3251622203,90,90,90
1151620188,90,90,90
3251622204,90,90,90
1151620187,90,90,90
1551620681,90,90,90
1551620680,90,90,90
1551620687,90,90,90
1551620683,90,90,90
1551620688,90,90,90
1551620686,90,90,90
1551620684,90,90,90
1151620189,90,90,90
4451523805,90,90,90
1151620183,90,90,90
1151620182,90,90,90
3251622205,90,90,90
1551620682,90,90,90
5151624044,90,90,90
3251522196,90,90,90
5151624034,90,90,90
5151624042,90,90,90
1151620181,90,90,90
1552620817,90,90,90
3251622207,90,90,90
3251622206,90,90,90
2351621845,90,90,60
1552620832,90,90,90
3251622209,90,90,90
1552620826,90,90,90
5151624032,90,90,90
3251622208,90,90,90
3251622201,90,90,90
1551620685,90,90,90
1151620190,90,90,90
6151625426,90,90,90
6451625799,90,90,90
6451625794,90,90,90
6451625800,90,90,90
6451625796,90,90,90
5152624439,90,90,90
5152624433,90,90,90
5152624428,90,90,90
5152624427,90,90,90
5152624434,90,90,90
5152624431,90,90,90
2351621850,90,90,90
5152624447,90,90,90
5152624438,90,90,90
5152624446,90,90,90
1151620184,90,90,90
5152624442,90,90,90
5152624441,90,90,90
5152624445,90,90,90
5152624443,90,90,90
5152624432,90,90,90
5152624437,90,90,90
5152624444,90,90,90
5152624449,90,90,90
5152624451,90,90,90
5152624424,90,90,90
5152624448,90,90,90
5152624436,90,90,90
1251620339,90,90,90
1251620341,90,90,90
5152624435,90,90,90
5151624033,90,90,90
5151624035,90,90,90
5151624029,90,90,90
5151624030,90,90,90
5151624028,90,90,90
6451625798,90,90,90
2351621842,90,90,90
5151624037,90,90,90
5151624031,90,90,90
5151624039,90,90,90
5152624450,90,90,90
5152624440,90,90,90
1251620342,90,90,90
2351621839,90,90,90
1351620428,90,90,90
5151624038,90,90,90
1351620429,90,90,90
5152624429,90,90,90
1351620430,90,90,90
5152624425,90,90,90
8351627336,90,90,90
2351621840,90,90,90
7251626498,100,90,100
8351627330,90,90,90
8351627310,90,90,90
1251620340,90,90,90
2351621841,90,90,90
7551626703,90,90,90
2351621849,100,90,100
7251626496,100,90,100
8351627345,90,90,90
7551626704,90,90,90
6552625989,100,90,100
6552625990,100,90,100
6552625991,100,90,100
6552625992,100,90,100
6552625993,100,90,100
8351627314,90,90,90
7551626702,90,90,90
7251626495,100,90,100
2351621835,90,90,90
2351621837,90,90,90
8351627316,90,90,90
5351624704,90,90,90
2351621843,90,90,90
5351624701,90,90,90
5351624695,90,90,90
5351624696,90,90,90
8351627346,90,90,90
5351514687,90,90,90
5351624702,90,90,90
5351624707,90,90,90
5351514685,90,90,90
5351514683,90,90,90
5351624692,90,90,90
5351514682,90,90,90
5351624700,90,90,90
5351624698,90,90,90
5351624706,90,90,90
5351514688,90,90,90
5351624705,90,90,90
5351624709,90,90,90
5351624693,90,90,90
5351624710,90,90,90
8351627344,90,90,90
5351624703,90,90,90
5351624697,90,90,90
5351614691,90,90,90
5351624694,90,90,90
5351624711,90,90,90
5351624699,90,90,90
2351621838,90,90,90
8351627315,90,90,90
8351627347,90,90,90
5351624708,90,90,90
8351627331,90,90,90
2351621846,90,90,90
2151621191,90,90,90
5551625217,90,90,90
1451620494,90,90,90
5551625208,90,90,90
5551625199,90,90,90
7251626499,100,90,100
5551625214,90,90,90
1451620492,90,90,90
5551625204,90,90,90
5551625207,90,90,90
5551625213,90,90,90
5551625205,90,90,90
5551625201,90,90,90
5551625198,90,90,90
5551625216,90,90,90
5551625212,90,90,90
5551625200,90,90,90
5551625203,90,90,90
5551625211,90,90,90
5551625210,90,90,90
5551625209,90,90,90
5551625202,90,90,90
2351621847,90,90,90
8351627343,90,90,90
8351627324,90,90,90
1451520480,90,90,90
8351627342,90,90,90
1451520479,90,90,90
1451520482,90,90,90
2151621165,90,90,90
2251621529,90,90,90
2151621164,90,90,90
2251621530,90,90,90
2251621517,90,90,90
8351627319,90,90,90
2251621547,90,90,90
2251621518,90,90,90
2251621519,90,90,90
2251621545,90,90,90
2251621543,90,90,90
1451520481,90,90,90
2251621539,90,90,90
2251621526,90,90,90
2251621540,90,90,90
2251621524,90,90,90
2251621537,90,90,90
2251621548,90,90,90
2251621542,90,90,90
2251621536,90,90,90
2251621531,90,90,90
2251621522,90,90,90
2251621541,90,90,90
2251621520,90,90,90
2251621538,90,90,90
2251621528,90,90,90
2251621533,90,90,90
2251621544,90,90,90
2251621516,90,90,90
2251621523,90,90,90
8351627320,90,90,90
2151621170,90,90,90
2151621163,90,90,90
2151621182,90,90,90
8351627349,90,90,90
1451520488,90,90,90
2151621161,90,90,90
2151621162,90,90,90
2151621158,90,90,90
2151621169,90,90,90
2251621534,90,90,90
8351627339,90,90,90
2151621190,90,90,90
8351627307,90,90,90
2151621168,90,90,90
2151621187,90,90,90
8351627327,90,90,90
8351627323,90,90,90
2251621535,90,90,90
2151621183,90,90,90
2151621166,90,90,90
2151621172,90,90,90
8351627335,90,90,90
1451520485,90,90,90
1451520483,90,90,90
8351627317,90,90,90
8351627321,100,90,100
2151621174,90,90,90
2151621188,90,90,90
1451520487,90,90,90
1451520489,90,90,90
2151621175,90,90,90
2151621184,90,90,90
2151621159,90,90,90
8351617304,90,90,90
8351627308,90,90,90
8351627328,90,90,90
8351627333,90,90,90
2151621180,90,90,90
8351627311,90,90,90
2151621185,90,90,90
8351627313,90,90,90
8351627309,90,90,90
2151621176,90,90,90
2151621181,90,90,90
2151621178,90,90,90
8351627312,90,90,90
8351627340,90,90,90
2151621177,90,90,90
8351627332,90,90,90
8351627325,100,90,90
1451520484,90,90,90
2151621189,90,90,90
8351627322,90,90,90
1451520490,90,90,90
1451520491,90,90,90
2151621167,90,90,90
8351627334,90,90,90
8351627329,90,90,90
4151622915,90,90,90
2151621179,90,90,90
4151622907,90,90,90
4151622914,90,90,90
8351627306,90,90,90
1451620495,90,90,90
4151622941,90,90,90
1451520486,90,90,90
2151621186,90,90,90
4151622906,90,90,90
4151622911,90,90,90
4151622908,90,90,90
4151622923,90,90,90
7551626705,90,90,90
4151622927,90,90,90
4151622913,90,90,90
4151622939,90,90,90
1451620493,90,90,90
4151622929,90,90,90
4151622912,90,90,90
8251627010,90,90,90
8251627011,90,90,90
8251627009,90,90,90
4151622926,90,90,90
8251627012,90,90,90
4151622934,90,90,90
4151622933,90,90,90
4151622921,90,90,90
4151622928,90,90,90
8351627318,90,90,90
8251627013,90,90,90
4151622938,90,90,90
4151622943,90,90,90
4151622932,90,90,90
4151622910,90,90,90
4151622952,90,90,90
4151622922,90,90,90
4151622942,90,90,90
4151622937,90,90,90
4151622947,90,90,90
4151622918,90,90,90
4151622935,90,90,90
4151622909,90,90,90
4151622917,90,90,90
8351627348,90,90,90
4151622940,90,90,90
4151622956,90,90,90
4151622924,90,90,90
4151622916,90,90,90
4151622950,90,90,90
4151622945,90,90,90
4151622948,90,90,90
4151622946,90,90,90
4151622930,90,90,90
4151622931,90,90,90
4151622944,90,90,90
4151622920,90,90,90
4151622954,90,90,90
2351621844,90,90,90
2351621844,90,90,90
4151622925,90,90,90
4151622919,90,90,90
4251623298,90,90,90
4251623297,90,90,90
4251623296,90,90,90
4251623295,90,90,90
4251623293,90,90,90
4251623292,90,90,90
4251623290,90,90,90
4251623289,90,90,90
4251623291,90,90,90
4151622951,90,90,90
7651616742,90,90,90
4151622936,90,90,90
4251623279,90,90,90
4251623278,90,90,90
4251623286,90,90,90
4251623280,90,90,90
4251623264,90,90,90
4251623263,90,90,90
4251623276,90,90,90
4251623274,90,90,90
4251623284,90,90,90
4251623268,90,90,90
4251623259,90,90,90
4251623269,90,90,90
4251623277,90,90,90
4251623261,90,90,90
7251626497,100,90,100
4251623285,90,90,90
4251623287,90,90,90
4251623288,90,90,90
4251623262,90,90,90
4251623271,100,90,90
4251623282,90,90,90
4251623266,90,90,90
4251623260,90,90,90
4251623283,90,90,90
4251623270,90,90,90
4251623275,90,90,90
4251623272,90,90,90
4251623265,90,90,90
4251623273,90,90,90
5451625058,90,90,90
5451625059,90,90,90
5451625065,90,90,90
5451625062,90,90,90
5451625069,90,90,90
5451625066,90,90,90
5451625057,90,90,90
5451625056,90,90,90
7651626743,90,90,90
7651626746,90,90,90
7651626744,90,90,90
5451625064,90,90,90
5451625067,90,90,90
5451625061,90,90,90
7651626747,90,90,90
7351001,100,90,0
6451635803,90,90,90
7551001,100,90,90
3351632473,90,90,90
3351632475,90,90,90
3351632474,90,90,90
5451635073,90,90,0
2351631864,90,90,90
5451635077,90,100,100
6251635600,90,90,90
6251635601,90,90,90
1651530884,90,90,90
2351631859,90,90,90
5451635072,90,90,0
1251630345,90,90,90
1251540344,90,90,90
1251540343,90,90,90
6151635437,90,90,90
6151635436,90,90,90
5451635075,90,90,0
6151635439,90,90,90
5451635078,90,90,0
1251630346,90,90,90
5451635076,90,90,0
6551635889,90,90,90
6551635890,90,90,90
6551635888,90,90,90
4551533836,90,90,90
6151635441,90,90,90
3251632226,90,90,90
1551630694,90,90,90
5451635074,90,90,0
3251632229,90,90,90
6151635440,90,90,90
1551630691,90,90,90
1551540689,90,90,90
1551630696,90,90,90
1551630692,90,90,90
3251632225,90,90,90
1551630693,90,90,90
2351631858,90,90,90
3251632230,90,90,90
3251632224,90,90,90
3251632221,90,90,90
3251532212,90,90,90
5251634566,90,90,90
3251532214,90,90,90
3251632219,90,90,90
3251632222,90,90,90
3251532218,90,90,90
3251632220,90,90,90
3251532216,90,90,90
3251532210,90,90,90
3152632158,90,90,90
3152632157,90,90,90
3152632154,90,90,90
3251632232,90,90,90
3152632156,90,90,90
3251532211,90,90,90
3251532217,90,90,90
3251632227,90,90,90
3251532215,90,90,90
3152632155,90,90,90
3251532213,90,90,90
5251634565,90,90,90
3251632233,90,90,90
2351631853,90,90,90
5251634563,90,90,90
5251634564,90,90,90
6151635438,90,90,90
1151540191,90,90,90
1151630194,90,90,90
4351633742,90,90,90
1151630196,90,90,90
4351633739,90,90,90
4351633738,90,90,90
4351633749,90,90,90
1151630192,90,90,90
4351633747,90,90,90
2351631862,90,90,90
4351633740,90,90,90
4351633748,90,90,90
4351633745,90,90,90
1151630193,90,90,90
4351633746,90,90,90
4351633737,90,90,90
4351633750,90,90,90
2351631860,90,100,90
4351633741,90,90,90
4351633735,90,90,90
4351633744,90,90,90
2351631852,90,90,90
7151636401,90,90,90
7151636402,90,90,90
7151636406,90,90,90
7151636403,90,90,90
7151636389,90,90,90
7151636393,90,90,90
7151636397,90,90,90
7151636396,90,90,90
7151636390,90,90,90
7151636395,90,90,90
7151636405,90,90,90
4351633734,90,90,90
3151632059,90,90,90
7151736409,90,90,90
4351633736,90,90,90
8151636903,90,90,90
8151636904,90,90,90
7151636391,90,90,90
3151632054,90,90,90
3151632057,90,90,90
5151634050,90,90,90
7151636407,90,90,90
8151636906,90,90,90
7251636500,90,100,100
3151632058,90,90,90
8151636905,90,90,90
7151636408,90,90,90
3151632055,90,90,90
3151632056,90,90,90
5151634051,90,90,90
4551533835,90,90,90
2351631856,90,90,90
3151632053,90,90,90
5151634049,90,90,90
1552630833,90,90,90
1552630847,90,90,90
5151634047,90,90,90
1552630837,90,90,90
1552630835,90,90,90
1552630840,90,90,90
5151634045,90,90,90
7251636502,90,100,90
1552630836,90,90,90
5151634048,90,90,90
1552630846,90,90,90
3151632049,90,90,90
1552630838,90,90,90
2351631851,90,90,90
1552630841,90,90,90
2351631865,90,90,90
5151634046,90,90,90
1552630845,90,90,90
1552630843,90,90,90
3151632047,90,90,90
1552630842,90,90,90
6552635999,90,100,100
6552635996,90,100,100
1552630848,90,90,90
1552630839,90,90,90
6552635994,90,100,100
6552635995,90,100,100
3151632048,90,90,90
6552635998,90,100,100
7551546706,90,90,90
5152634454,90,90,90
3151632050,90,90,90
5152544452,90,90,90
7551636707,90,90,90
4451523814,90,90,90
5152634453,90,90,90
3151632051,90,90,90
5152634455,90,90,90
1552630844,90,90,90
5551635228,90,100,100
5152634467,90,90,90
5551635240,90,100,100
5551635239,90,100,100
2351631861,90,90,90
4451523813,90,90,90
2351631857,0,90,90
2351631857,0,90,90
5152634464,90,90,90
8251637016,90,90,90
8251637014,90,90,90
8251637015,90,90,90
5152634458,90,90,90
5152734468,90,90,90
5152634460,90,90,90
5152634465,90,90,90
5152634459,90,100,100
5152634462,90,90,90
5152634463,90,90,90
5551635219,90,100,100
5152634466,90,90,90
5551635218,90,100,100
5152634461,90,90,90
5551635222,90,100,100
5551635220,90,100,100
5551635236,90,100,100
5551635227,90,100,100
5551635223,90,100,100
5551635224,90,100,100
5551635237,90,100,100
5551635231,90,100,100
2351631855,90,90,90
5551635230,90,100,100
5551635229,90,100,100
5551635232,90,100,100
8351637363,90,90,90
8351637370,90,90,90
1451530498,100,100,90
1451530496,100,100,90
5551635233,90,100,100
8351637361,90,90,90
5351634740,90,90,90
5551635235,90,100,100
1451530502,100,100,90
1451530499,90,90,90
5351534725,90,90,90
5351534721,90,90,90
5351634742,90,90,90
5351634739,90,90,90
5351634743,90,90,90
5351534723,90,90,90
5351624735,90,90,90
5351634737,90,90,90
5351524712,90,90,90
5351624730,90,90,90
5351624733,90,90,90
5351534720,90,90,90
5351524713,90,90,90
5351524716,90,90,90
5351634741,90,90,90
5551635234,90,100,100
5351524715,90,90,90
5351524717,90,90,90
5351624732,90,90,90
5351634744,90,90,90
1451530500,90,90,90
1451530501,90,90,90
8351637355,90,90,90
8351637367,90,90,90
5351634738,90,90,90
5351624729,90,90,90
5351634745,90,90,90
5351524714,90,90,90
5351534722,90,90,90
5351624728,90,90,90
1451630505,90,100,100
5351624727,90,90,90
5551635221,90,100,100
1451630504,90,90,90
5351624731,90,90,90
5351534719,90,90,90
8351637381,90,90,90
8351637364,90,90,90
2251631573,90,90,90
2251631553,90,90,90
2251631558,90,90,90
2251631563,90,90,90
2251631555,90,90,90
2251631554,90,90,90
2251631572,90,90,90
2251631565,90,90,90
2251631568,90,90,90
2251631561,90,90,90
2251631556,90,90,90
2251631550,90,90,90
8351637372,90,90,90
2251631557,90,90,90
2251631562,90,90,90
2251631549,90,90,90
2251631570,90,90,90
2251631552,90,90,90
2251631567,90,100,90
2251631566,90,90,90
2251631551,90,90,90
8351637378,90,90,90
2251631564,90,90,90
8351637359,90,90,90
2151631197,90,90,90
8351637368,90,90,90
8351637362,90,90,90
8351637360,90,90,90
2151631210,90,90,90
2151631206,90,90,90
2151631200,90,90,90
8351637374,90,90,90
8351637369,90,90,90
8351637354,90,90,90
8351637371,90,90,90
2251631559,90,90,90
2151631209,90,90,90
8351637377,90,90,90
8351637351,90,90,90
8351637358,90,90,90
8351637366,90,90,90
2151631196,90,90,90
2151631194,90,90,90
7251636501,90,100,100
8351637356,90,90,90
8351637365,90,100,100
8351637352,90,90,90
8351637380,90,90,90
8351637357,90,90,90
8351637353,90,90,90
2151631198,90,90,90
2151631202,90,90,90
6552635997,90,100,100
2151631195,90,90,90
2151631199,90,90,90
2151631204,90,90,90
2151631201,90,90,90
8351637376,90,90,90
2151631205,90,90,90
5351544726,90,90,90
2151631207,90,90,90
7651606728,90,90,90
7651606730,90,90,90
7651606725,90,90,90
7651606731,90,90,90
8351637379,90,90,90
2151631193,90,90,90
7651606724,90,90,90
2151631208,90,90,90
8351637350,90,90,90
4251633299,90,90,90
4251633305,90,90,90
4251633311,90,90,90
4251633304,90,90,90
4251633308,90,100,90
4251633306,90,90,90
4251633318,90,90,90
4251633312,90,90,90
4251633307,90,90,90
4251633315,90,90,90
4251633309,90,100,90
4251633302,90,90,90
4251633313,90,90,90
4251633303,90,90,90
4251633314,90,90,90
4251633301,90,90,90
4251633300,90,90,90
4251633317,90,90,90
5451635070,90,90,0
4251633316,90,90,90
4251633319,90,90,90
4251633310,90,90,90
2151631203,90,90,90
4251633320,90,90,90
4151632967,90,90,90
5451635071,90,30,0
4151632965,90,90,90
4151632960,90,90,90
4151632959,90,90,90
4151632964,90,90,90
4151632958,90,90,90
4151632957,90,90,90
4151632978,90,90,90
4151632963,90,90,90
4151632980,90,90,90
4151632977,90,90,90
4151632961,90,90,90
4151632962,90,90,90
4151632975,90,90,90
4151632970,90,90,90
4151632983,90,100,90
4151632971,90,90,90
4151632969,90,90,90
4151632968,90,90,90
4151632972,90,90,90
4151632973,90,90,90
4151632974,90,90,90
4151632976,90,90,90
4151632982,90,100,90
4151632981,90,90,90
4151632979,90,90,90